state-lower,state,stpost,year,incumb,two_senate_seats
Alabama,ALABAMA,AL,1980,open seat,
Alaska,ALASKA,AK,1980,open seat,
Arizona,ARIZONA,AZ,1980,GOP incumb,
Arkansas,ARKANSAS,AR,1980,Dem incumb,
California,CALIFORNIA,CA,1980,Dem incumb,
Colorado,COLORADO,CO,1980,Dem incumb,
Connecticut,CONNECTICUT,CT,1980,open seat,
Florida,FLORIDA,FL,1980,open seat,
Georgia,GEORGIA,GA,1980,Dem incumb,
Hawaii,HAWAII,HI,1980,Dem incumb,
Idaho,IDAHO,ID,1980,Dem incumb,
Illinois,ILLINOIS,IL,1980,open seat,
Indiana,INDIANA,IN,1980,Dem incumb,
Iowa,IOWA,IA,1980,Dem incumb,
Kansas,KANSAS,KS,1980,GOP incumb,
Kentucky,KENTUCKY,KY,1980,Dem incumb,
Maryland,MARYLAND,MD,1980,GOP incumb,
Missouri,MISSOURI,MO,1980,Dem incumb,
Nevada,NEVADA,NV,1980,GOP incumb,
New Hampshire,NEW HAMPSHIRE,NH,1980,Dem incumb,
New York,NEW YORK,NY,1980,open seat,
North Carolina,NORTH CAROLINA,NC,1980,Dem incumb,
North Dakota,NORTH DAKOTA,ND,1980,open seat,
Ohio,OHIO,OH,1980,Dem incumb,
Oklahoma,OKLAHOMA,OK,1980,open seat,
Oregon,OREGON,OR,1980,GOP incumb,
Pennsylvania,PENNSYLVANIA,PA,1980,open seat,
South Carolina,SOUTH CAROLINA,SC,1980,Dem incumb,
South Dakota,SOUTH DAKOTA,SD,1980,Dem incumb,
Utah,UTAH,UT,1980,GOP incumb,
Vermont,VERMONT,VT,1980,Dem incumb,
Washington,WASHINGTON,WA,1980,Dem incumb,
Wisconsin,WISCONSIN,WI,1980,Dem incumb,
Arizona,ARIZONA,AZ,1982,Dem incumb,
California,CALIFORNIA,CA,1982,open seat,
Connecticut,CONNECTICUT,CT,1982,GOP incumb,
Delaware,DELAWARE,DE,1982,GOP incumb,
Florida,FLORIDA,FL,1982,Dem incumb,
Hawaii,HAWAII,HI,1982,Dem incumb,
Indiana,INDIANA,IN,1982,GOP incumb,
Maine,MAINE,ME,1982,open seat,
Maryland,MARYLAND,MD,1982,Dem incumb,
Massachusetts,MASSACHUSETTS,MA,1982,Dem incumb,
Michigan,MICHIGAN,MI,1982,Dem incumb,
Minnesota,MINNESOTA,MN,1982,GOP incumb,
Mississippi,MISSISSIPPI,MS,1982,Dem incumb,
Missouri,MISSOURI,MO,1982,GOP incumb,
Montana,MONTANA,MT,1982,Dem incumb,
Nebraska,NEBRASKA,NE,1982,Dem incumb,
Nevada,NEVADA,NV,1982,Dem incumb,
New Jersey,NEW JERSEY,NJ,1982,open seat,
New Mexico,NEW MEXICO,NM,1982,GOP incumb,
New York,NEW YORK,NY,1982,Dem incumb,
North Dakota,NORTH DAKOTA,ND,1982,Dem incumb,
Ohio,OHIO,OH,1982,Dem incumb,
Pennsylvania,PENNSYLVANIA,PA,1982,GOP incumb,
Rhode Island,RHODE ISLAND,RI,1982,GOP incumb,
Tennessee,TENNESSEE,TN,1982,Dem incumb,
Texas,TEXAS,TX,1982,Dem incumb,
Utah,UTAH,UT,1982,GOP incumb,
Vermont,VERMONT,VT,1982,GOP incumb,
Virginia,VIRGINIA,VA,1982,open seat,
Washington,WASHINGTON,WA,1982,Dem incumb,
West Virginia,WEST VIRGINIA,WV,1982,Dem incumb,
Wisconsin,WISCONSIN,WI,1982,Dem incumb,
Wyoming,WYOMING,WY,1982,GOP incumb,
Alabama,ALABAMA,AL,1984,Dem incumb,
Alaska,ALASKA,AK,1984,GOP incumb,
Arkansas,ARKANSAS,AR,1984,Dem incumb,
Colorado,COLORADO,CO,1984,GOP incumb,
Delaware,DELAWARE,DE,1984,Dem incumb,
Georgia,GEORGIA,GA,1984,Dem incumb,
Idaho,IDAHO,ID,1984,GOP incumb,
Illinois,ILLINOIS,IL,1984,GOP incumb,
Iowa,IOWA,IA,1984,GOP incumb,
Kansas,KANSAS,KS,1984,GOP incumb,
Kentucky,KENTUCKY,KY,1984,Dem incumb,
Maine,MAINE,ME,1984,GOP incumb,
Massachusetts,MASSACHUSETTS,MA,1984,open seat,
Michigan,MICHIGAN,MI,1984,Dem incumb,
Minnesota,MINNESOTA,MN,1984,GOP incumb,
Mississippi,MISSISSIPPI,MS,1984,GOP incumb,
Montana,MONTANA,MT,1984,Dem incumb,
Nebraska,NEBRASKA,NE,1984,Dem incumb,
New Hampshire,NEW HAMPSHIRE,NH,1984,GOP incumb,
New Jersey,NEW JERSEY,NJ,1984,Dem incumb,
New Mexico,NEW MEXICO,NM,1984,GOP incumb,
North Carolina,NORTH CAROLINA,NC,1984,GOP incumb,
Oklahoma,OKLAHOMA,OK,1984,Dem incumb,
Oregon,OREGON,OR,1984,GOP incumb,
Rhode Island,RHODE ISLAND,RI,1984,Dem incumb,
South Carolina,SOUTH CAROLINA,SC,1984,GOP incumb,
South Dakota,SOUTH DAKOTA,SD,1984,GOP incumb,
Tennessee,TENNESSEE,TN,1984,open seat,
Texas,TEXAS,TX,1984,open seat,
Virginia,VIRGINIA,VA,1984,GOP incumb,
West Virginia,WEST VIRGINIA,WV,1984,open seat,
Wyoming,WYOMING,WY,1984,GOP incumb,
Alabama,ALABAMA,AL,1986,GOP incumb,
Alaska,ALASKA,AK,1986,GOP incumb,
Arizona,ARIZONA,AZ,1986,open seat,
Arkansas,ARKANSAS,AR,1986,Dem incumb,
California,CALIFORNIA,CA,1986,Dem incumb,
Colorado,COLORADO,CO,1986,open seat,
Connecticut,CONNECTICUT,CT,1986,Dem incumb,
Florida,FLORIDA,FL,1986,GOP incumb,
Georgia,GEORGIA,GA,1986,GOP incumb,
Hawaii,HAWAII,HI,1986,Dem incumb,
Idaho,IDAHO,ID,1986,GOP incumb,
Illinois,ILLINOIS,IL,1986,Dem incumb,
Indiana,INDIANA,IN,1986,GOP incumb,
Iowa,IOWA,IA,1986,GOP incumb,
Kansas,KANSAS,KS,1986,GOP incumb,
Kentucky,KENTUCKY,KY,1986,Dem incumb,
Louisiana,LOUISIANA,LA,1986,open seat,
Maryland,MARYLAND,MD,1986,open seat,
Missouri,MISSOURI,MO,1986,open seat,
Nevada,NEVADA,NV,1986,open seat,
New Hampshire,NEW HAMPSHIRE,NH,1986,GOP incumb,
New York,NEW YORK,NY,1986,GOP incumb,
North Carolina,NORTH CAROLINA,NC,1986,open seat,
North Dakota,NORTH DAKOTA,ND,1986,GOP incumb,
Ohio,OHIO,OH,1986,Dem incumb,
Oklahoma,OKLAHOMA,OK,1986,GOP incumb,
Oregon,OREGON,OR,1986,GOP incumb,
Pennsylvania,PENNSYLVANIA,PA,1986,GOP incumb,
South Carolina,SOUTH CAROLINA,SC,1986,Dem incumb,
South Dakota,SOUTH DAKOTA,SD,1986,GOP incumb,
Utah,UTAH,UT,1986,GOP incumb,
Vermont,VERMONT,VT,1986,Dem incumb,
Washington,WASHINGTON,WA,1986,GOP incumb,
Wisconsin,WISCONSIN,WI,1986,GOP incumb,
Arizona,ARIZONA,AZ,1988,Dem incumb,
California,CALIFORNIA,CA,1988,GOP incumb,
Connecticut,CONNECTICUT,CT,1988,GOP incumb,
Delaware,DELAWARE,DE,1988,GOP incumb,
Florida,FLORIDA,FL,1988,open seat,
Hawaii,HAWAII,HI,1988,Dem incumb,
Indiana,INDIANA,IN,1988,GOP incumb,
Maine,MAINE,ME,1988,Dem incumb,
Maryland,MARYLAND,MD,1988,Dem incumb,
Massachusetts,MASSACHUSETTS,MA,1988,Dem incumb,
Michigan,MICHIGAN,MI,1988,Dem incumb,
Minnesota,MINNESOTA,MN,1988,GOP incumb,
Mississippi,MISSISSIPPI,MS,1988,open seat,
Missouri,MISSOURI,MO,1988,GOP incumb,
Montana,MONTANA,MT,1988,Dem incumb,
Nebraska,NEBRASKA,NE,1988,open seat,
Nevada,NEVADA,NV,1988,GOP incumb,
New Jersey,NEW JERSEY,NJ,1988,Dem incumb,
New Mexico,NEW MEXICO,NM,1988,Dem incumb,
New York,NEW YORK,NY,1988,Dem incumb,
North Dakota,NORTH DAKOTA,ND,1988,Dem incumb,
Ohio,OHIO,OH,1988,Dem incumb,
Pennsylvania,PENNSYLVANIA,PA,1988,GOP incumb,
Rhode Island,RHODE ISLAND,RI,1988,GOP incumb,
Tennessee,TENNESSEE,TN,1988,Dem incumb,
Texas,TEXAS,TX,1988,Dem incumb,
Utah,UTAH,UT,1988,GOP incumb,
Vermont,VERMONT,VT,1988,open seat,
Virginia,VIRGINIA,VA,1988,open seat,
Washington,WASHINGTON,WA,1988,open seat,
West Virginia,WEST VIRGINIA,WV,1988,Dem incumb,
Wisconsin,WISCONSIN,WI,1988,open seat,
Wyoming,WYOMING,WY,1988,GOP incumb,
Alabama,ALABAMA,AL,1990,Dem incumb,
Alaska,ALASKA,AK,1990,GOP incumb,
Colorado,COLORADO,CO,1990,open seat,
Delaware,DELAWARE,DE,1990,Dem incumb,
Hawaii,HAWAII,HI,1990,open seat,
Idaho,IDAHO,ID,1990,open seat,
Illinois,ILLINOIS,IL,1990,Dem incumb,
Indiana,INDIANA,IN,1990,open seat,
Iowa,IOWA,IA,1990,Dem incumb,
Kansas,KANSAS,KS,1990,GOP incumb,
Kentucky,KENTUCKY,KY,1990,GOP incumb,
Maine,MAINE,ME,1990,GOP incumb,
Massachusetts,MASSACHUSETTS,MA,1990,Dem incumb,
Michigan,MICHIGAN,MI,1990,Dem incumb,
Minnesota,MINNESOTA,MN,1990,GOP incumb,
Montana,MONTANA,MT,1990,Dem incumb,
Nebraska,NEBRASKA,NE,1990,Dem incumb,
New Hampshire,NEW HAMPSHIRE,NH,1990,open seat,
New Jersey,NEW JERSEY,NJ,1990,Dem incumb,
New Mexico,NEW MEXICO,NM,1990,GOP incumb,
North Carolina,NORTH CAROLINA,NC,1990,GOP incumb,
Oklahoma,OKLAHOMA,OK,1990,Dem incumb,
Oregon,OREGON,OR,1990,GOP incumb,
Rhode Island,RHODE ISLAND,RI,1990,Dem incumb,
South Carolina,SOUTH CAROLINA,SC,1990,GOP incumb,
South Dakota,SOUTH DAKOTA,SD,1990,GOP incumb,
Tennessee,TENNESSEE,TN,1990,Dem incumb,
Texas,TEXAS,TX,1990,GOP incumb,
West Virginia,WEST VIRGINIA,WV,1990,Dem incumb,
Wyoming,WYOMING,WY,1990,GOP incumb,
Alabama,ALABAMA,AL,1992,Dem incumb,
Alaska,ALASKA,AK,1992,GOP incumb,
Arizona,ARIZONA,AZ,1992,GOP incumb,
Arkansas,ARKANSAS,AR,1992,Dem incumb,
California,CALIFORNIA,CA,1992,open seat,1
California,CALIFORNIA,CA,1992,open seat,1
Colorado,COLORADO,CO,1992,open seat,
Connecticut,CONNECTICUT,CT,1992,Dem incumb,
Florida,FLORIDA,FL,1992,Dem incumb,
Georgia,GEORGIA,GA,1992,Dem incumb,
Hawaii,HAWAII,HI,1992,Dem incumb,
Idaho,IDAHO,ID,1992,open seat,
Illinois,ILLINOIS,IL,1992,open seat,
Indiana,INDIANA,IN,1992,GOP incumb,
Iowa,IOWA,IA,1992,GOP incumb,
Kansas,KANSAS,KS,1992,GOP incumb,
Kentucky,KENTUCKY,KY,1992,Dem incumb,
Maryland,MARYLAND,MD,1992,Dem incumb,
Missouri,MISSOURI,MO,1992,GOP incumb,
Nevada,NEVADA,NV,1992,Dem incumb,
New Hampshire,NEW HAMPSHIRE,NH,1992,open seat,
New York,NEW YORK,NY,1992,GOP incumb,
North Carolina,NORTH CAROLINA,NC,1992,Dem incumb,
North Dakota,NORTH DAKOTA,ND,1992,open seat,
Ohio,OHIO,OH,1992,Dem incumb,
Oklahoma,OKLAHOMA,OK,1992,GOP incumb,
Oregon,OREGON,OR,1992,GOP incumb,
Pennsylvania,PENNSYLVANIA,PA,1992,GOP incumb,
South Carolina,SOUTH CAROLINA,SC,1992,Dem incumb,
South Dakota,SOUTH DAKOTA,SD,1992,Dem incumb,
Utah,UTAH,UT,1992,open seat,
Vermont,VERMONT,VT,1992,Dem incumb,
Washington,WASHINGTON,WA,1992,open seat,
Wisconsin,WISCONSIN,WI,1992,GOP incumb,
Arizona,ARIZONA,AZ,1994,open seat,
California,CALIFORNIA,CA,1994,Dem incumb,
Connecticut,CONNECTICUT,CT,1994,Dem incumb,
Delaware,DELAWARE,DE,1994,GOP incumb,
Florida,FLORIDA,FL,1994,GOP incumb,
Hawaii,HAWAII,HI,1994,Dem incumb,
Indiana,INDIANA,IN,1994,GOP incumb,
Maine,MAINE,ME,1994,open seat,
Maryland,MARYLAND,MD,1994,Dem incumb,
Massachusetts,MASSACHUSETTS,MA,1994,Dem incumb,
Michigan,MICHIGAN,MI,1994,open seat,
Minnesota,MINNESOTA,MN,1994,open seat,
Mississippi,MISSISSIPPI,MS,1994,GOP incumb,
Missouri,MISSOURI,MO,1994,open seat,
Montana,MONTANA,MT,1994,GOP incumb,
Nebraska,NEBRASKA,NE,1994,Dem incumb,
Nevada,NEVADA,NV,1994,Dem incumb,
New Jersey,NEW JERSEY,NJ,1994,Dem incumb,
New Mexico,NEW MEXICO,NM,1994,Dem incumb,
New York,NEW YORK,NY,1994,Dem incumb,
North Dakota,NORTH DAKOTA,ND,1994,Dem incumb,
Ohio,OHIO,OH,1994,open seat,
Oklahoma,OKLAHOMA,OK,1994,open seat,
Pennsylvania,PENNSYLVANIA,PA,1994,Dem incumb,
Rhode Island,RHODE ISLAND,RI,1994,GOP incumb,
Tennessee,TENNESSEE,TN,1994,Dem incumb,1
Tennessee,TENNESSEE,TN,1994,open seat,1
Texas,TEXAS,TX,1994,GOP incumb,
Utah,UTAH,UT,1994,GOP incumb,
Vermont,VERMONT,VT,1994,GOP incumb,
Virginia,VIRGINIA,VA,1994,Dem incumb,
Washington,WASHINGTON,WA,1994,GOP incumb,
West Virginia,WEST VIRGINIA,WV,1994,Dem incumb,
Wisconsin,WISCONSIN,WI,1994,Dem incumb,
Wyoming,WYOMING,WY,1994,open seat,
Alabama,ALABAMA,AL,1996,open seat,
Alaska,ALASKA,AK,1996,GOP incumb,
Arkansas,ARKANSAS,AR,1996,open seat,
Colorado,COLORADO,CO,1996,open seat,
Delaware,DELAWARE,DE,1996,Dem incumb,
Georgia,GEORGIA,GA,1996,open seat,
Idaho,IDAHO,ID,1996,GOP incumb,
Illinois,ILLINOIS,IL,1996,open seat,
Iowa,IOWA,IA,1996,Dem incumb,
Kansas,KANSAS,KS,1996,open seat,1
Kansas,KANSAS,KS,1996,open seat,1
Kentucky,KENTUCKY,KY,1996,GOP incumb,
Louisiana,LOUISIANA,LA,1996,open seat,
Maine,MAINE,ME,1996,open seat,
Massachusetts,MASSACHUSETTS,MA,1996,Dem incumb,
Michigan,MICHIGAN,MI,1996,Dem incumb,
Minnesota,MINNESOTA,MN,1996,Dem incumb,
Mississippi,MISSISSIPPI,MS,1996,GOP incumb,
Montana,MONTANA,MT,1996,Dem incumb,
Nebraska,NEBRASKA,NE,1996,open seat,
New Hampshire,NEW HAMPSHIRE,NH,1996,GOP incumb,
New Jersey,NEW JERSEY,NJ,1996,open seat,
New Mexico,NEW MEXICO,NM,1996,GOP incumb,
North Carolina,NORTH CAROLINA,NC,1996,GOP incumb,
Oklahoma,OKLAHOMA,OK,1996,GOP incumb,
Oregon,OREGON,OR,1996,open seat,
Rhode Island,RHODE ISLAND,RI,1996,open seat,
South Carolina,SOUTH CAROLINA,SC,1996,GOP incumb,
South Dakota,SOUTH DAKOTA,SD,1996,GOP incumb,
Tennessee,TENNESSEE,TN,1996,GOP incumb,
Texas,TEXAS,TX,1996,GOP incumb,
Virginia,VIRGINIA,VA,1996,GOP incumb,
West Virginia,WEST VIRGINIA,WV,1996,Dem incumb,
Wyoming,WYOMING,WY,1996,open seat,
Alabama,ALABAMA,AL,1998,GOP incumb,
Alaska,ALASKA,AK,1998,GOP incumb,
Arizona,ARIZONA,AZ,1998,GOP incumb,
Arkansas,ARKANSAS,AR,1998,open seat,
California,CALIFORNIA,CA,1998,Dem incumb,
Colorado,COLORADO,CO,1998,GOP incumb,
Connecticut,CONNECTICUT,CT,1998,Dem incumb,
Florida,FLORIDA,FL,1998,Dem incumb,
Georgia,GEORGIA,GA,1998,GOP incumb,
Hawaii,HAWAII,HI,1998,Dem incumb,
Idaho,IDAHO,ID,1998,open seat,
Illinois,ILLINOIS,IL,1998,Dem incumb,
Indiana,INDIANA,IN,1998,open seat,
Iowa,IOWA,IA,1998,GOP incumb,
Kansas,KANSAS,KS,1998,GOP incumb,
Kentucky,KENTUCKY,KY,1998,open seat,
Louisiana,LOUISIANA,LA,1998,Dem incumb,
Maryland,MARYLAND,MD,1998,Dem incumb,
Missouri,MISSOURI,MO,1998,GOP incumb,
Nevada,NEVADA,NV,1998,Dem incumb,
New Hampshire,NEW HAMPSHIRE,NH,1998,GOP incumb,
New York,NEW YORK,NY,1998,GOP incumb,
North Carolina,NORTH CAROLINA,NC,1998,GOP incumb,
North Dakota,NORTH DAKOTA,ND,1998,Dem incumb,
Ohio,OHIO,OH,1998,open seat,
Oklahoma,OKLAHOMA,OK,1998,GOP incumb,
Oregon,OREGON,OR,1998,Dem incumb,
Pennsylvania,PENNSYLVANIA,PA,1998,GOP incumb,
South Carolina,SOUTH CAROLINA,SC,1998,Dem incumb,
South Dakota,SOUTH DAKOTA,SD,1998,Dem incumb,
Utah,UTAH,UT,1998,GOP incumb,
Vermont,VERMONT,VT,1998,Dem incumb,
Washington,WASHINGTON,WA,1998,Dem incumb,
Wisconsin,WISCONSIN,WI,1998,Dem incumb,
California,CALIFORNIA,CA,2000,Dem incumb,
Connecticut,CONNECTICUT,CT,2000,Dem incumb,
Delaware,DELAWARE,DE,2000,GOP incumb,
Florida,FLORIDA,FL,2000,open seat,
Georgia,GEORGIA,GA,2000,open seat,
Hawaii,HAWAII,HI,2000,Dem incumb,
Indiana,INDIANA,IN,2000,GOP incumb,
Maine,MAINE,ME,2000,GOP incumb,
Maryland,MARYLAND,MD,2000,Dem incumb,
Massachusetts,MASSACHUSETTS,MA,2000,Dem incumb,
Michigan,MICHIGAN,MI,2000,GOP incumb,
Minnesota,MINNESOTA,MN,2000,GOP incumb,
Mississippi,MISSISSIPPI,MS,2000,GOP incumb,
Missouri,MISSOURI,MO,2000,GOP incumb,
Montana,MONTANA,MT,2000,GOP incumb,
Nebraska,NEBRASKA,NE,2000,open seat,
Nevada,NEVADA,NV,2000,open seat,
New Jersey,NEW JERSEY,NJ,2000,open seat,
New Mexico,NEW MEXICO,NM,2000,Dem incumb,
New York,NEW YORK,NY,2000,open seat,
North Dakota,NORTH DAKOTA,ND,2000,Dem incumb,
Ohio,OHIO,OH,2000,GOP incumb,
Pennsylvania,PENNSYLVANIA,PA,2000,GOP incumb,
Rhode Island,RHODE ISLAND,RI,2000,open seat,
Tennessee,TENNESSEE,TN,2000,GOP incumb,
Texas,TEXAS,TX,2000,GOP incumb,
Utah,UTAH,UT,2000,GOP incumb,
Vermont,VERMONT,VT,2000,GOP incumb,
Virginia,VIRGINIA,VA,2000,Dem incumb,
Washington,WASHINGTON,WA,2000,GOP incumb,
West Virginia,WEST VIRGINIA,WV,2000,Dem incumb,
Wisconsin,WISCONSIN,WI,2000,Dem incumb,
Wyoming,WYOMING,WY,2000,GOP incumb,
Alabama,ALABAMA,AL,2002,GOP incumb,
Alaska,ALASKA,AK,2002,GOP incumb,
Arkansas,ARKANSAS,AR,2002,GOP incumb,
Colorado,COLORADO,CO,2002,GOP incumb,
Delaware,DELAWARE,DE,2002,Dem incumb,
Georgia,GEORGIA,GA,2002,Dem incumb,
Idaho,IDAHO,ID,2002,GOP incumb,
Illinois,ILLINOIS,IL,2002,Dem incumb,
Iowa,IOWA,IA,2002,Dem incumb,
Kentucky,KENTUCKY,KY,2002,GOP incumb,
Maine,MAINE,ME,2002,GOP incumb,
Michigan,MICHIGAN,MI,2002,Dem incumb,
Minnesota,MINNESOTA,MN,2002,open seat,
Missouri,MISSOURI,MO,2002,open seat,
Montana,MONTANA,MT,2002,Dem incumb,
Nebraska,NEBRASKA,NE,2002,GOP incumb,
New Hampshire,NEW HAMPSHIRE,NH,2002,open seat,
New Jersey,NEW JERSEY,NJ,2002,open seat,
New Mexico,NEW MEXICO,NM,2002,GOP incumb,
North Carolina,NORTH CAROLINA,NC,2002,open seat,
Oklahoma,OKLAHOMA,OK,2002,GOP incumb,
Oregon,OREGON,OR,2002,GOP incumb,
Rhode Island,RHODE ISLAND,RI,2002,Dem incumb,
South Carolina,SOUTH CAROLINA,SC,2002,open seat,
South Dakota,SOUTH DAKOTA,SD,2002,Dem incumb,
Tennessee,TENNESSEE,TN,2002,open seat,
Texas,TEXAS,TX,2002,open seat,
West Virginia,WEST VIRGINIA,WV,2002,Dem incumb,
Wyoming,WYOMING,WY,2002,GOP incumb,
Alabama,ALABAMA,AL,2004,GOP incumb,
Alaska,ALASKA,AK,2004,open seat,
Arizona,ARIZONA,AZ,2004,GOP incumb,
Arkansas,ARKANSAS,AR,2004,Dem incumb,
California,CALIFORNIA,CA,2004,Dem incumb,
Colorado,COLORADO,CO,2004,open seat,
Connecticut,CONNECTICUT,CT,2004,Dem incumb,
Florida,FLORIDA,FL,2004,open seat,
Georgia,GEORGIA,GA,2004,open seat,
Hawaii,HAWAII,HI,2004,Dem incumb,
Illinois,ILLINOIS,IL,2004,open seat,
Indiana,INDIANA,IN,2004,Dem incumb,
Iowa,IOWA,IA,2004,GOP incumb,
Kansas,KANSAS,KS,2004,GOP incumb,
Kentucky,KENTUCKY,KY,2004,GOP incumb,
Maryland,MARYLAND,MD,2004,Dem incumb,
Missouri,MISSOURI,MO,2004,GOP incumb,
Nevada,NEVADA,NV,2004,Dem incumb,
New Hampshire,NEW HAMPSHIRE,NH,2004,GOP incumb,
New York,NEW YORK,NY,2004,Dem incumb,
North Carolina,NORTH CAROLINA,NC,2004,open seat,
North Dakota,NORTH DAKOTA,ND,2004,Dem incumb,
Ohio,OHIO,OH,2004,GOP incumb,
Oklahoma,OKLAHOMA,OK,2004,open seat,
Oregon,OREGON,OR,2004,Dem incumb,
Pennsylvania,PENNSYLVANIA,PA,2004,GOP incumb,
South Carolina,SOUTH CAROLINA,SC,2004,open seat,
South Dakota,SOUTH DAKOTA,SD,2004,Dem incumb,
Utah,UTAH,UT,2004,GOP incumb,
Vermont,VERMONT,VT,2004,Dem incumb,
Washington,WASHINGTON,WA,2004,Dem incumb,
Wisconsin,WISCONSIN,WI,2004,Dem incumb,
Arizona,ARIZONA,AZ,2006,GOP incumb,
California,CALIFORNIA,CA,2006,Dem incumb,
Delaware,DELAWARE,DE,2006,Dem incumb,
Florida,FLORIDA,FL,2006,Dem incumb,
Hawaii,HAWAII,HI,2006,Dem incumb,
Maine,MAINE,ME,2006,GOP incumb,
Maryland,MARYLAND,MD,2006,open seat,
Massachusetts,MASSACHUSETTS,MA,2006,Dem incumb,
Michigan,MICHIGAN,MI,2006,Dem incumb,
Minnesota,MINNESOTA,MN,2006,open seat,
Mississippi,MISSISSIPPI,MS,2006,GOP incumb,
Missouri,MISSOURI,MO,2006,GOP incumb,
Montana,MONTANA,MT,2006,GOP incumb,
Nebraska,NEBRASKA,NE,2006,Dem incumb,
Nevada,NEVADA,NV,2006,GOP incumb,
New Jersey,NEW JERSEY,NJ,2006,open seat,
New Mexico,NEW MEXICO,NM,2006,Dem incumb,
New York,NEW YORK,NY,2006,Dem incumb,
North Dakota,NORTH DAKOTA,ND,2006,Dem incumb,
Ohio,OHIO,OH,2006,GOP incumb,
Pennsylvania,PENNSYLVANIA,PA,2006,GOP incumb,
Rhode Island,RHODE ISLAND,RI,2006,GOP incumb,
Tennessee,TENNESSEE,TN,2006,open seat,
Texas,TEXAS,TX,2006,GOP incumb,
Utah,UTAH,UT,2006,GOP incumb,
Vermont,VERMONT,VT,2006,open seat,
Virginia,VIRGINIA,VA,2006,GOP incumb,
Washington,WASHINGTON,WA,2006,Dem incumb,
West Virginia,WEST VIRGINIA,WV,2006,Dem incumb,
Wisconsin,WISCONSIN,WI,2006,Dem incumb,
Wyoming,WYOMING,WY,2006,GOP incumb,
Alabama,ALABAMA,AL,2008,GOP incumb,
Alaska,ALASKA,AK,2008,GOP incumb,
Colorado,COLORADO,CO,2008,open seat,
Delaware,DELAWARE,DE,2008,Dem incumb,
Georgia,GEORGIA,GA,2008,GOP incumb,
Idaho,IDAHO,ID,2008,open seat,
Illinois,ILLINOIS,IL,2008,Dem incumb,
Iowa,IOWA,IA,2008,Dem incumb,
Kansas,KANSAS,KS,2008,GOP incumb,
Kentucky,KENTUCKY,KY,2008,GOP incumb,
Louisiana,LOUISIANA,LA,2008,Dem incumb,
Maine,MAINE,ME,2008,GOP incumb,
Massachusetts,MASSACHUSETTS,MA,2008,Dem incumb,
Michigan,MICHIGAN,MI,2008,Dem incumb,
Minnesota,MINNESOTA,MN,2008,GOP incumb,
Mississippi,MISSISSIPPI,MS,2008,open seat,1
Mississippi,MISSISSIPPI,MS,2008,GOP incumb,1
Montana,MONTANA,MT,2008,Dem incumb,
Nebraska,NEBRASKA,NE,2008,open seat,
New Hampshire,NEW HAMPSHIRE,NH,2008,GOP incumb,
New Jersey,NEW JERSEY,NJ,2008,Dem incumb,
New Mexico,NEW MEXICO,NM,2008,open seat,
North Carolina,NORTH CAROLINA,NC,2008,GOP incumb,
Oklahoma,OKLAHOMA,OK,2008,GOP incumb,
Oregon,OREGON,OR,2008,GOP incumb,
Rhode Island,RHODE ISLAND,RI,2008,Dem incumb,
South Carolina,SOUTH CAROLINA,SC,2008,GOP incumb,
South Dakota,SOUTH DAKOTA,SD,2008,Dem incumb,
Tennessee,TENNESSEE,TN,2008,GOP incumb,
Texas,TEXAS,TX,2008,GOP incumb,
Virginia,VIRGINIA,VA,2008,open seat,
West Virginia,WEST VIRGINIA,WV,2008,Dem incumb,
Wyoming,WYOMING,WY,2008,open seat,1
Wyoming,WYOMING,WY,2008,GOP incumb,1
Alabama,ALABAMA,AL,2010,GOP incumb,
Arizona,ARIZONA,AZ,2010,GOP incumb,
Arkansas,ARKANSAS,AR,2010,Dem incumb,
California,CALIFORNIA,CA,2010,Dem incumb,
Colorado,COLORADO,CO,2010,open seat,
Connecticut,CONNECTICUT,CT,2010,open seat,
Delaware,DELAWARE,DE,2010,open seat,
Georgia,GEORGIA,GA,2010,GOP incumb,
Hawaii,HAWAII,HI,2010,Dem incumb,
Idaho,IDAHO,ID,2010,GOP incumb,
Illinois,ILLINOIS,IL,2010,open seat,
Indiana,INDIANA,IN,2010,open seat,
Iowa,IOWA,IA,2010,GOP incumb,
Kansas,KANSAS,KS,2010,open seat,
Kentucky,KENTUCKY,KY,2010,open seat,
Louisiana,LOUISIANA,LA,2010,GOP incumb,
Maryland,MARYLAND,MD,2010,Dem incumb,
Missouri,MISSOURI,MO,2010,open seat,
Nevada,NEVADA,NV,2010,Dem incumb,
New Hampshire,NEW HAMPSHIRE,NH,2010,open seat,
New York,NEW YORK,NY,2010,open seat,1
New York,NEW YORK,NY,2010,Dem incumb,1
North Carolina,NORTH CAROLINA,NC,2010,GOP incumb,
North Dakota,NORTH DAKOTA,ND,2010,open seat,
Ohio,OHIO,OH,2010,open seat,
Oklahoma,OKLAHOMA,OK,2010,GOP incumb,
Oregon,OREGON,OR,2010,Dem incumb,
Pennsylvania,PENNSYLVANIA,PA,2010,open seat,
South Carolina,SOUTH CAROLINA,SC,2010,GOP incumb,
Utah,UTAH,UT,2010,open seat,
Vermont,VERMONT,VT,2010,Dem incumb,
Washington,WASHINGTON,WA,2010,Dem incumb,
West Virginia,WEST VIRGINIA,WV,2010,open seat,
Wisconsin,WISCONSIN,WI,2010,Dem incumb,
Arizona,ARIZONA,AZ,2012,open seat,
California,CALIFORNIA,CA,2012,Dem incumb,
Connecticut,CONNECTICUT,CT,2012,open seat,
Delaware,DELAWARE,DE,2012,Dem incumb,
Florida,FLORIDA,FL,2012,Dem incumb,
Hawaii,HAWAII,HI,2012,open seat,
Indiana,INDIANA,IN,2012,open seat,
Maryland,MARYLAND,MD,2012,Dem incumb,
Massachusetts,MASSACHUSETTS,MA,2012,GOP incumb,
Michigan,MICHIGAN,MI,2012,Dem incumb,
Minnesota,MINNESOTA,MN,2012,Dem incumb,
Mississippi,MISSISSIPPI,MS,2012,GOP incumb,
Missouri,MISSOURI,MO,2012,Dem incumb,
Montana,MONTANA,MT,2012,Dem incumb,
Nebraska,NEBRASKA,NE,2012,open seat,
Nevada,NEVADA,NV,2012,open seat,
New Jersey,NEW JERSEY,NJ,2012,Dem incumb,
New Mexico,NEW MEXICO,NM,2012,open seat,
New York,NEW YORK,NY,2012,Dem incumb,
North Dakota,NORTH DAKOTA,ND,2012,open seat,
Ohio,OHIO,OH,2012,Dem incumb,
Pennsylvania,PENNSYLVANIA,PA,2012,Dem incumb,
Rhode Island,RHODE ISLAND,RI,2012,Dem incumb,
Tennessee,TENNESSEE,TN,2012,GOP incumb,
Texas,TEXAS,TX,2012,open seat,
Utah,UTAH,UT,2012,GOP incumb,
Vermont,VERMONT,VT,2012,Dem incumb,
Virginia,VIRGINIA,VA,2012,open seat,
Washington,WASHINGTON,WA,2012,Dem incumb,
West Virginia,WEST VIRGINIA,WV,2012,Dem incumb,
Wisconsin,WISCONSIN,WI,2012,open seat,
Wyoming,WYOMING,WY,2012,GOP incumb,
Alaska,ALASKA,AK,2014,Dem incumb,
Arkansas,ARKANSAS,AR,2014,Dem incumb,
Colorado,COLORADO,CO,2014,Dem incumb,
Delaware,DELAWARE,DE,2014,Dem incumb,
Georgia,GEORGIA,GA,2014,open seat,
Hawaii,HAWAII,HI,2014,open seat,
Idaho,IDAHO,ID,2014,GOP incumb,
Illinois,ILLINOIS,IL,2014,Dem incumb,
Iowa,IOWA,IA,2014,open seat,
Kansas,KANSAS,KS,2014,GOP incumb,
Kentucky,KENTUCKY,KY,2014,GOP incumb,
Maine,MAINE,ME,2014,GOP incumb,
Massachusetts,MASSACHUSETTS,MA,2014,Dem incumb,
Michigan,MICHIGAN,MI,2014,open seat,
Minnesota,MINNESOTA,MN,2014,Dem incumb,
Mississippi,MISSISSIPPI,MS,2014,GOP incumb,
Montana,MONTANA,MT,2014,open seat,
Nebraska,NEBRASKA,NE,2014,open seat,
New Hampshire,NEW HAMPSHIRE,NH,2014,Dem incumb,
New Jersey,NEW JERSEY,NJ,2014,Dem incumb,
New Mexico,NEW MEXICO,NM,2014,Dem incumb,
North Carolina,NORTH CAROLINA,NC,2014,Dem incumb,
Oklahoma,OKLAHOMA,OK,2014,GOP incumb,1
Oklahoma,OKLAHOMA,OK,2014,open seat,1
Oregon,OREGON,OR,2014,Dem incumb,
Rhode Island,RHODE ISLAND,RI,2014,Dem incumb,
South Carolina,SOUTH CAROLINA,SC,2014,GOP incumb,1
South Carolina,SOUTH CAROLINA,SC,2014,open seat,1
South Dakota,SOUTH DAKOTA,SD,2014,open seat,
Tennessee,TENNESSEE,TN,2014,GOP incumb,
Texas,TEXAS,TX,2014,GOP incumb,
Virginia,VIRGINIA,VA,2014,Dem incumb,
West Virginia,WEST VIRGINIA,WV,2014,open seat,
Wyoming,WYOMING,WY,2014,GOP incumb,
Alabama,ALABAMA,AL,2016,GOP incumb,
Arizona,ARIZONA,AZ,2016,GOP incumb,
Arkansas,ARKANSAS,AR,2016,GOP incumb,
Colorado,COLORADO,CO,2016,Dem incumb,
Connecticut,CONNECTICUT,CT,2016,Dem incumb,
Florida,FLORIDA,FL,2016,GOP incumb,
Georgia,GEORGIA,GA,2016,GOP incumb,
Hawaii,HAWAII,HI,2016,Dem incumb,
Idaho,IDAHO,ID,2016,GOP incumb,
Illinois,ILLINOIS,IL,2016,GOP incumb,
Indiana,INDIANA,IN,2016,open seat,
Iowa,IOWA,IA,2016,GOP incumb,
Kansas,KANSAS,KS,2016,GOP incumb,
Kentucky,KENTUCKY,KY,2016,GOP incumb,
Maryland,MARYLAND,MD,2016,open seat,
Missouri,MISSOURI,MO,2016,GOP incumb,
Nevada,NEVADA,NV,2016,open seat,
New Hampshire,NEW HAMPSHIRE,NH,2016,GOP incumb,
New York,NEW YORK,NY,2016,Dem incumb,
North Carolina,NORTH CAROLINA,NC,2016,GOP incumb,
North Dakota,NORTH DAKOTA,ND,2016,GOP incumb,
Ohio,OHIO,OH,2016,GOP incumb,
Oklahoma,OKLAHOMA,OK,2016,GOP incumb,
Oregon,OREGON,OR,2016,Dem incumb,
Pennsylvania,PENNSYLVANIA,PA,2016,GOP incumb,
South Carolina,SOUTH CAROLINA,SC,2016,GOP incumb,
South Dakota,SOUTH DAKOTA,SD,2016,GOP incumb,
Utah,UTAH,UT,2016,GOP incumb,
Vermont,VERMONT,VT,2016,Dem incumb,
Washington,WASHINGTON,WA,2016,Dem incumb,
Wisconsin,WISCONSIN,WI,2016,GOP incumb,
Arizona,ARIZONA,AZ,2018,open seat,
California,CALIFORNIA,CA,2018,Dem incumb,
Connecticut,CONNECTICUT,CT,2018,Dem incumb,
Delaware,DELAWARE,DE,2018,Dem incumb,
Florida,FLORIDA,FL,2018,Dem incumb,
Hawaii,HAWAII,HI,2018,Dem incumb,
Indiana,INDIANA,IN,2018,Dem incumb,
Maryland,MARYLAND,MD,2018,Dem incumb,
Massachusetts,MASSACHUSETTS,MA,2018,Dem incumb,
Michigan,MICHIGAN,MI,2018,Dem incumb,
Minnesota,MINNESOTA,MN,2018,Dem incumb,
Mississippi,MISSISSIPPI,MS,2018,GOP incumb,
Missouri,MISSOURI,MO,2018,Dem incumb,
Montana,MONTANA,MT,2018,Dem incumb,
Nebraska,NEBRASKA,NE,2018,GOP incumb,
Nevada,NEVADA,NV,2018,GOP incumb,
New Jersey,NEW JERSEY,NJ,2018,Dem incumb,
New Mexico,NEW MEXICO,NM,2018,Dem incumb,
New York,NEW YORK,NY,2018,Dem incumb,
North Dakota,NORTH DAKOTA,ND,2018,Dem incumb,
Ohio,OHIO,OH,2018,Dem incumb,
Pennsylvania,PENNSYLVANIA,PA,2018,Dem incumb,
Rhode Island,RHODE ISLAND,RI,2018,Dem incumb,
Tennessee,TENNESSEE,TN,2018,open seat,
Texas,TEXAS,TX,2018,GOP incumb,
Utah,UTAH,UT,2018,open seat,
Vermont,VERMONT,VT,2018,Dem incumb,
Virginia,VIRGINIA,VA,2018,Dem incumb,
Washington,WASHINGTON,WA,2018,Dem incumb,
West Virginia,WEST VIRGINIA,WV,2018,Dem incumb,
Wisconsin,WISCONSIN,WI,2018,Dem incumb,
Wyoming,WYOMING,WY,2018,GOP incumb,
Alabama,ALABAMA,AL,2020,Dem incumb,
Alaska,ALASKA,AK,2020,GOP incumb,
Arizona,ARIZONA,AZ,2020,GOP incumb,
Arkansas,ARKANSAS,AR,2020,GOP incumb,
Colorado,COLORADO,CO,2020,GOP incumb,
Delaware,DELAWARE,DE,2020,Dem incumb,
Georgia,GEORGIA,GA,2020,GOP incumb,
Georgia,GEORGIA,GA,2020,GOP incumb,
Idaho,IDAHO,ID,2020,GOP incumb,
Illinois,ILLINOIS,IL,2020,Dem incumb,
Iowa,IOWA,IA,2020,GOP incumb,
Kansas,KANSAS,KS,2020,open seat,
Kentucky,KENTUCKY,KY,2020,GOP incumb,
Louisiana,LOUISIANA,LA,2020,GOP incumb,
Maine,MAINE,ME,2020,GOP incumb,
Massachusetts,MASSACHUSETTS,MA,2020,Dem incumb,
Michigan,MICHIGAN,MI,2020,Dem incumb,
Minnesota,MINNESOTA,MN,2020,Dem incumb,
Mississippi,MISSISSIPPI,MS,2020,GOP incumb,
Montana,MONTANA,MO,2020,GOP incumb,
Nebraska,NEBRASKA,NE,2020,GOP incumb,
New Hampshire,NEW HAMPSHIRE,NH,2020,Dem incumb,
New Jersey,NEW JERSEY,NJ,2020,Dem incumb,
New Mexico,NEW MEXICO,NM,2020,open seat,
North Carolina,NORTH CAROLINA,NC,2020,GOP incumb,
Oklahoma,OKLAHOMA,OK,2020,GOP incumb,
Oregon,OREGON,OR,2020,Dem incumb,
Rhode Island,RHODE ISLAND,RI,2020,Dem incumb,
South Carolina,SOUTH CAROLINA,SC,2020,GOP incumb,
South Dakota,SOUTH DAKOTA,SD,2020,GOP incumb,
Tennessee,TENNESSEE,TN,2020,open seat,
Texas,TEXAS,TX,2020,GOP incumb,
Virginia,VIRGINIA,VA,2020,Dem incumb,
West Virginia,WEST VIRGINIA,WV,2020,GOP incumb,
Wyoming,WYOMING,WY,2020,open seat,
