state,year,special,election,party_simplified,vote.share,election_id,incumb,two_senate_seats
LOUISIANA,1980,FALSE,1,DEMOCRAT,0.576412017,1,Dem incumb,NA
LOUISIANA,1984,FALSE,1,DEMOCRAT,1,1,Dem incumb,NA
ARKANSAS,1990,FALSE,1,DEMOCRAT,0.998332441,1,Dem incumb,NA
GEORGIA,1990,FALSE,1,DEMOCRAT,1,1,Dem incumb,NA
LOUISIANA,1990,FALSE,1,DEMOCRAT,0.54,1,Dem incumb,NA
MISSISSIPPI,1990,FALSE,1,REPUBLICAN,1,1,GOP incumb,NA
VIRGINIA,1990,FALSE,1,REPUBLICAN,0.80907086,1,GOP incumb,NA
LOUISIANA,1992,FALSE,1,DEMOCRAT,1,1,Dem incumb,NA
ARIZONA,2000,FALSE,1,REPUBLICAN,0.793225279,1,GOP incumb,NA
KANSAS,2002,FALSE,1,REPUBLICAN,0.82522366,1,GOP incumb,NA
LOUISIANA,2002,FALSE,1,DEMOCRAT,0.517,1,Dem incumb,NA
MASSACHUSETTS,2002,FALSE,1,DEMOCRAT,0.723314542,1,Dem incumb,NA
MISSISSIPPI,2002,FALSE,1,REPUBLICAN,0.845794178,1,GOP incumb,NA
VIRGINIA,2002,FALSE,1,REPUBLICAN,0.82575254,1,GOP incumb,NA
IDAHO,2004,FALSE,1,REPUBLICAN,0.991792543,1,GOP incumb,NA
LOUISIANA,2004,FALSE,1,REPUBLICAN,0.510273498,1,open seat,NA
CONNECTICUT,2006,FALSE,1,OTHER,0.497097668,1,open seat,NA
INDIANA,2006,FALSE,1,REPUBLICAN,0.873569004,1,GOP incumb,NA
ARKANSAS,2008,FALSE,1,DEMOCRAT,0.795329695,1,Dem incumb,NA
ALASKA,2010,FALSE,1,REPUBLICAN,0.395654846,1,GOP incumb,NA
FLORIDA,2010,FALSE,1,REPUBLICAN,0.488946807,1,open seat,NA
SOUTH DAKOTA,2010,FALSE,1,REPUBLICAN,1,1,GOP incumb,NA
MAINE,2012,FALSE,1,OTHER,0.511342312,1,open seat,NA
ALABAMA,2014,FALSE,1,REPUBLICAN,0.972516471,1,GOP incumb,NA
LOUISIANA,2014,FALSE,1,REPUBLICAN,0.559,1,Dem incumb,NA
ALASKA,2016,FALSE,1,REPUBLICAN,0.606,1,GOP incumb,NA
CALIFORNIA,2016,FALSE,1,DEMOCRAT,0.616028118,1,open seat,NA
LOUISIANA,2016,FALSE,1,REPUBLICAN,0.606,1,open seat,NA
MAINE,2018,FALSE,1,OTHER,0.543143303,1,other incumb,NA
MINNESOTA,2018,TRUE,1,DEMOCRAT,0.529706774,2,open seat,1
MISSISSIPPI,2018,TRUE,1,REPUBLICAN,0.536332565,2,open seat,1
ARKANSAS,1980,FALSE,1,DEMOCRAT,0.590872786,1,Dem incumb,NA
CALIFORNIA,1980,FALSE,1,DEMOCRAT,0.565123885,1,Dem incumb,NA
COLORADO,1980,FALSE,1,DEMOCRAT,0.503349978,1,Dem incumb,NA
GEORGIA,1980,FALSE,1,REPUBLICAN,0.508717083,1,Dem incumb,NA
HAWAII,1980,FALSE,1,DEMOCRAT,0.779445567,1,Dem incumb,NA
IDAHO,1980,FALSE,1,REPUBLICAN,0.497446815,1,Dem incumb,NA
INDIANA,1980,FALSE,1,REPUBLICAN,0.537857946,1,Dem incumb,NA
IOWA,1980,FALSE,1,REPUBLICAN,0.534864125,1,Dem incumb,NA
KENTUCKY,1980,FALSE,1,DEMOCRAT,0.651258447,1,Dem incumb,NA
MISSOURI,1980,FALSE,1,DEMOCRAT,0.520017997,1,Dem incumb,NA
NEW HAMPSHIRE,1980,FALSE,1,REPUBLICAN,0.521407242,1,Dem incumb,NA
NORTH CAROLINA,1980,FALSE,1,REPUBLICAN,0.499572501,1,Dem incumb,NA
OHIO,1980,FALSE,1,DEMOCRAT,0.688000381,1,Dem incumb,NA
SOUTH CAROLINA,1980,FALSE,1,DEMOCRAT,0.703680643,1,Dem incumb,NA
SOUTH DAKOTA,1980,FALSE,1,REPUBLICAN,0.582005509,1,Dem incumb,NA
VERMONT,1980,FALSE,1,DEMOCRAT,0.498154205,1,Dem incumb,NA
WASHINGTON,1980,FALSE,1,REPUBLICAN,0.541734433,1,Dem incumb,NA
WISCONSIN,1980,FALSE,1,REPUBLICAN,0.501909988,1,Dem incumb,NA
ARIZONA,1982,FALSE,1,DEMOCRAT,0.569109734,1,Dem incumb,NA
FLORIDA,1982,FALSE,1,DEMOCRAT,0.617191254,1,Dem incumb,NA
HAWAII,1982,FALSE,1,DEMOCRAT,0.800842009,1,Dem incumb,NA
MARYLAND,1982,FALSE,1,DEMOCRAT,0.634576429,1,Dem incumb,NA
MASSACHUSETTS,1982,FALSE,1,DEMOCRAT,0.608105545,1,Dem incumb,NA
MICHIGAN,1982,FALSE,1,DEMOCRAT,0.577354764,1,Dem incumb,NA
MISSISSIPPI,1982,FALSE,1,DEMOCRAT,0.641988075,1,Dem incumb,NA
MONTANA,1982,FALSE,1,DEMOCRAT,0.544633124,1,Dem incumb,NA
NEBRASKA,1982,FALSE,1,DEMOCRAT,0.665906713,1,Dem incumb,NA
NEVADA,1982,FALSE,1,REPUBLICAN,0.512031204,1,Dem incumb,NA
NEW YORK,1982,FALSE,1,DEMOCRAT,0.621988639,1,Dem incumb,NA
NORTH DAKOTA,1982,FALSE,1,DEMOCRAT,0.628171375,1,Dem incumb,NA
OHIO,1982,FALSE,1,DEMOCRAT,0.566569861,1,Dem incumb,NA
TENNESSEE,1982,FALSE,1,DEMOCRAT,0.619242966,1,Dem incumb,NA
TEXAS,1982,FALSE,1,DEMOCRAT,0.58592496,1,Dem incumb,NA
WASHINGTON,1982,FALSE,1,DEMOCRAT,0.68956635,1,Dem incumb,NA
WEST VIRGINIA,1982,FALSE,1,DEMOCRAT,0.684876016,1,Dem incumb,NA
WISCONSIN,1982,FALSE,1,DEMOCRAT,0.63649545,1,Dem incumb,NA
ALABAMA,1984,FALSE,1,DEMOCRAT,0.627562473,1,Dem incumb,NA
ARKANSAS,1984,FALSE,1,DEMOCRAT,0.573477435,1,Dem incumb,NA
DELAWARE,1984,FALSE,1,DEMOCRAT,0.601105184,1,Dem incumb,NA
GEORGIA,1984,FALSE,1,DEMOCRAT,0.799422367,1,Dem incumb,NA
KENTUCKY,1984,FALSE,1,DEMOCRAT,0.499061054,1,Dem incumb,NA
MICHIGAN,1984,FALSE,1,DEMOCRAT,0.517660928,1,Dem incumb,NA
MONTANA,1984,FALSE,1,DEMOCRAT,0.568907175,1,Dem incumb,NA
NEBRASKA,1984,FALSE,1,DEMOCRAT,0.51935848,1,Dem incumb,NA
NEW JERSEY,1984,FALSE,1,DEMOCRAT,0.641586381,1,Dem incumb,NA
OKLAHOMA,1984,FALSE,1,DEMOCRAT,0.756409561,1,Dem incumb,NA
RHODE ISLAND,1984,FALSE,1,DEMOCRAT,0.726596264,1,Dem incumb,NA
ARKANSAS,1986,FALSE,1,DEMOCRAT,0.622760742,1,Dem incumb,NA
CALIFORNIA,1986,FALSE,1,DEMOCRAT,0.492895956,1,Dem incumb,NA
CONNECTICUT,1986,FALSE,1,DEMOCRAT,0.647633973,1,Dem incumb,NA
HAWAII,1986,FALSE,1,DEMOCRAT,0.735672771,1,Dem incumb,NA
ILLINOIS,1986,FALSE,1,DEMOCRAT,0.651251744,1,Dem incumb,NA
KENTUCKY,1986,FALSE,1,DEMOCRAT,0.743820872,1,Dem incumb,NA
OHIO,1986,FALSE,1,DEMOCRAT,0.62450816,1,Dem incumb,NA
SOUTH CAROLINA,1986,FALSE,1,DEMOCRAT,0.630791287,1,Dem incumb,NA
VERMONT,1986,FALSE,1,DEMOCRAT,0.631566361,1,Dem incumb,NA
ARIZONA,1988,FALSE,1,DEMOCRAT,0.567093932,1,Dem incumb,NA
HAWAII,1988,FALSE,1,DEMOCRAT,0.765542986,1,Dem incumb,NA
MAINE,1988,FALSE,1,DEMOCRAT,0.81290537,1,Dem incumb,NA
MARYLAND,1988,FALSE,1,DEMOCRAT,0.617888582,1,Dem incumb,NA
MASSACHUSETTS,1988,FALSE,1,DEMOCRAT,0.649730549,1,Dem incumb,NA
MICHIGAN,1988,FALSE,1,DEMOCRAT,0.603786097,1,Dem incumb,NA
MONTANA,1988,FALSE,1,REPUBLICAN,0.518666462,1,Dem incumb,NA
NEW JERSEY,1988,FALSE,1,DEMOCRAT,0.535509035,1,Dem incumb,NA
NEW MEXICO,1988,FALSE,1,DEMOCRAT,0.633079564,1,Dem incumb,NA
NEW YORK,1988,FALSE,1,DEMOCRAT,0.646778834,1,Dem incumb,NA
NORTH DAKOTA,1988,FALSE,1,DEMOCRAT,0.594456548,1,Dem incumb,NA
OHIO,1988,FALSE,1,DEMOCRAT,0.569743194,1,Dem incumb,NA
TENNESSEE,1988,FALSE,1,DEMOCRAT,0.65088908,1,Dem incumb,NA
TEXAS,1988,FALSE,1,DEMOCRAT,0.591667753,1,Dem incumb,NA
WEST VIRGINIA,1988,FALSE,1,DEMOCRAT,0.647679368,1,Dem incumb,NA
ALABAMA,1990,FALSE,1,DEMOCRAT,0.605671499,1,Dem incumb,NA
DELAWARE,1990,FALSE,1,DEMOCRAT,0.626775535,1,Dem incumb,NA
ILLINOIS,1990,FALSE,1,DEMOCRAT,0.650684019,1,Dem incumb,NA
IOWA,1990,FALSE,1,DEMOCRAT,0.544727131,1,Dem incumb,NA
MASSACHUSETTS,1990,FALSE,1,DEMOCRAT,0.545130515,1,Dem incumb,NA
MICHIGAN,1990,FALSE,1,DEMOCRAT,0.574792599,1,Dem incumb,NA
MONTANA,1990,FALSE,1,DEMOCRAT,0.681298068,1,Dem incumb,NA
NEBRASKA,1990,FALSE,1,DEMOCRAT,0.589024095,1,Dem incumb,NA
NEW JERSEY,1990,FALSE,1,DEMOCRAT,0.504427755,1,Dem incumb,NA
OKLAHOMA,1990,FALSE,1,DEMOCRAT,0.831753153,1,Dem incumb,NA
RHODE ISLAND,1990,FALSE,1,DEMOCRAT,0.618315012,1,Dem incumb,NA
TENNESSEE,1990,FALSE,1,DEMOCRAT,0.677233194,1,Dem incumb,NA
WEST VIRGINIA,1990,FALSE,1,DEMOCRAT,0.683231719,1,Dem incumb,NA
ALABAMA,1992,FALSE,1,DEMOCRAT,0.648180155,1,Dem incumb,NA
ARKANSAS,1992,FALSE,1,DEMOCRAT,0.601771941,1,Dem incumb,NA
CONNECTICUT,1992,FALSE,1,DEMOCRAT,0.38493837,1,Dem incumb,NA
FLORIDA,1992,FALSE,1,DEMOCRAT,0.654045814,1,Dem incumb,NA
GEORGIA,1992,FALSE,1,REPUBLICAN,0.506474129,1,Dem incumb,NA
HAWAII,1992,FALSE,1,DEMOCRAT,0.572691125,1,Dem incumb,NA
KENTUCKY,1992,FALSE,1,DEMOCRAT,0.628833429,1,Dem incumb,NA
MARYLAND,1992,FALSE,1,DEMOCRAT,0.71015664,1,Dem incumb,NA
NEVADA,1992,FALSE,1,DEMOCRAT,0.510499368,1,Dem incumb,NA
NORTH CAROLINA,1992,FALSE,1,REPUBLICAN,0.503470473,1,Dem incumb,NA
OHIO,1992,FALSE,1,DEMOCRAT,0.509896321,1,Dem incumb,NA
SOUTH CAROLINA,1992,FALSE,1,DEMOCRAT,0.500687033,1,Dem incumb,NA
SOUTH DAKOTA,1992,FALSE,1,DEMOCRAT,0.649023154,1,Dem incumb,NA
VERMONT,1992,FALSE,1,DEMOCRAT,0.54162015,1,Dem incumb,NA
CALIFORNIA,1994,FALSE,1,DEMOCRAT,0.467360865,1,Dem incumb,NA
CONNECTICUT,1994,FALSE,1,DEMOCRAT,0.411047326,1,Dem incumb,NA
HAWAII,1994,FALSE,1,DEMOCRAT,0.717813293,1,Dem incumb,NA
MARYLAND,1994,FALSE,1,DEMOCRAT,0.59099,1,Dem incumb,NA
MASSACHUSETTS,1994,FALSE,1,DEMOCRAT,0.580747221,1,Dem incumb,NA
NEBRASKA,1994,FALSE,1,DEMOCRAT,0.547814677,1,Dem incumb,NA
NEVADA,1994,FALSE,1,DEMOCRAT,0.509300187,1,Dem incumb,NA
NEW JERSEY,1994,FALSE,1,DEMOCRAT,0.502941038,1,Dem incumb,NA
NEW MEXICO,1994,FALSE,1,DEMOCRAT,0.539704574,1,Dem incumb,NA
NEW YORK,1994,FALSE,1,DEMOCRAT,0.474503827,1,Dem incumb,NA
NORTH DAKOTA,1994,FALSE,1,DEMOCRAT,0.579829801,1,Dem incumb,NA
PENNSYLVANIA,1994,FALSE,1,REPUBLICAN,0.494025806,1,Dem incumb,NA
TENNESSEE,1994,FALSE,1,REPUBLICAN,0.563517341,1,Dem incumb,1
VIRGINIA,1994,FALSE,1,DEMOCRAT,0.456084022,1,Dem incumb,NA
WEST VIRGINIA,1994,FALSE,1,DEMOCRAT,0.690116787,1,Dem incumb,NA
WISCONSIN,1994,FALSE,1,DEMOCRAT,0.582936687,1,Dem incumb,NA
DELAWARE,1996,FALSE,1,DEMOCRAT,0.600400594,1,Dem incumb,NA
IOWA,1996,FALSE,1,DEMOCRAT,0.51808662,1,Dem incumb,NA
MASSACHUSETTS,1996,FALSE,1,DEMOCRAT,0.521973895,1,Dem incumb,NA
MICHIGAN,1996,FALSE,1,DEMOCRAT,0.583573218,1,Dem incumb,NA
MINNESOTA,1996,FALSE,1,DEMOCRAT,0.503196429,1,Dem incumb,NA
MONTANA,1996,FALSE,1,DEMOCRAT,0.495558173,1,Dem incumb,NA
WEST VIRGINIA,1996,FALSE,1,DEMOCRAT,0.766479633,1,Dem incumb,NA
CALIFORNIA,1998,FALSE,1,DEMOCRAT,0.53057103,1,Dem incumb,NA
CONNECTICUT,1998,FALSE,1,DEMOCRAT,0.651460874,1,Dem incumb,NA
FLORIDA,1998,FALSE,1,DEMOCRAT,0.624693795,1,Dem incumb,NA
HAWAII,1998,FALSE,1,DEMOCRAT,0.791843747,1,Dem incumb,NA
ILLINOIS,1998,FALSE,1,REPUBLICAN,0.503470445,1,Dem incumb,NA
LOUISIANA,1998,FALSE,1,DEMOCRAT,0.640243921,1,Dem incumb,NA
MARYLAND,1998,FALSE,1,DEMOCRAT,0.705039713,1,Dem incumb,NA
NEVADA,1998,FALSE,1,DEMOCRAT,0.478637832,1,Dem incumb,NA
NORTH DAKOTA,1998,FALSE,1,DEMOCRAT,0.631553539,1,Dem incumb,NA
OREGON,1998,FALSE,1,DEMOCRAT,0.610536195,1,Dem incumb,NA
SOUTH CAROLINA,1998,FALSE,1,DEMOCRAT,0.526982039,1,Dem incumb,NA
SOUTH DAKOTA,1998,FALSE,1,DEMOCRAT,0.621431378,1,Dem incumb,NA
VERMONT,1998,FALSE,1,DEMOCRAT,0.722154217,1,Dem incumb,NA
WASHINGTON,1998,FALSE,1,DEMOCRAT,0.584139988,1,Dem incumb,NA
WISCONSIN,1998,FALSE,1,DEMOCRAT,0.50547524,1,Dem incumb,NA
CALIFORNIA,2000,FALSE,1,DEMOCRAT,0.558428172,1,Dem incumb,NA
CONNECTICUT,2000,FALSE,1,DEMOCRAT,0.632141122,1,Dem incumb,NA
HAWAII,2000,FALSE,1,DEMOCRAT,0.726846882,1,Dem incumb,NA
MARYLAND,2000,FALSE,1,DEMOCRAT,0.631780915,1,Dem incumb,NA
MASSACHUSETTS,2000,FALSE,1,DEMOCRAT,0.691097596,1,Dem incumb,NA
NEW MEXICO,2000,FALSE,1,DEMOCRAT,0.617010955,1,Dem incumb,NA
NORTH DAKOTA,2000,FALSE,1,DEMOCRAT,0.613725442,1,Dem incumb,NA
VIRGINIA,2000,FALSE,1,REPUBLICAN,0.522554346,1,Dem incumb,NA
WEST VIRGINIA,2000,FALSE,1,DEMOCRAT,0.777519276,1,Dem incumb,NA
WISCONSIN,2000,FALSE,1,DEMOCRAT,0.615427921,1,Dem incumb,NA
DELAWARE,2002,FALSE,1,DEMOCRAT,0.582199093,1,Dem incumb,NA
GEORGIA,2002,FALSE,1,REPUBLICAN,0.527342927,1,Dem incumb,NA
ILLINOIS,2002,FALSE,1,DEMOCRAT,0.603342672,1,Dem incumb,NA
IOWA,2002,FALSE,1,DEMOCRAT,0.541776507,1,Dem incumb,NA
MICHIGAN,2002,FALSE,1,DEMOCRAT,0.606085028,1,Dem incumb,NA
MONTANA,2002,FALSE,1,DEMOCRAT,0.62735004,1,Dem incumb,NA
RHODE ISLAND,2002,FALSE,1,DEMOCRAT,0.784264885,1,Dem incumb,NA
SOUTH DAKOTA,2002,FALSE,1,DEMOCRAT,0.49623853,1,Dem incumb,NA
WEST VIRGINIA,2002,FALSE,1,DEMOCRAT,0.631113546,1,Dem incumb,NA
ARKANSAS,2004,FALSE,1,DEMOCRAT,0.558977783,1,Dem incumb,NA
CALIFORNIA,2004,FALSE,1,DEMOCRAT,0.577081039,1,Dem incumb,NA
CONNECTICUT,2004,FALSE,1,DEMOCRAT,0.663528987,1,Dem incumb,NA
HAWAII,2004,FALSE,1,DEMOCRAT,0.755101156,1,Dem incumb,NA
INDIANA,2004,FALSE,1,DEMOCRAT,0.616487792,1,Dem incumb,NA
MARYLAND,2004,FALSE,1,DEMOCRAT,0.64803433,1,Dem incumb,NA
NEVADA,2004,FALSE,1,DEMOCRAT,0.610819092,1,Dem incumb,NA
NEW YORK,2004,FALSE,1,DEMOCRAT,0.588750558,1,Dem incumb,NA
NORTH DAKOTA,2004,FALSE,1,DEMOCRAT,0.682799264,1,Dem incumb,NA
OREGON,2004,FALSE,1,DEMOCRAT,0.633920979,1,Dem incumb,NA
SOUTH DAKOTA,2004,FALSE,1,REPUBLICAN,0.505761935,1,Dem incumb,NA
VERMONT,2004,FALSE,1,DEMOCRAT,0.70627067,1,Dem incumb,NA
WASHINGTON,2004,FALSE,1,DEMOCRAT,0.549804853,1,Dem incumb,NA
WISCONSIN,2004,FALSE,1,DEMOCRAT,0.553504831,1,Dem incumb,NA
CALIFORNIA,2006,FALSE,1,DEMOCRAT,0.594310515,1,Dem incumb,NA
DELAWARE,2006,FALSE,1,DEMOCRAT,0.7020027,1,Dem incumb,NA
FLORIDA,2006,FALSE,1,DEMOCRAT,0.603009804,1,Dem incumb,NA
HAWAII,2006,FALSE,1,DEMOCRAT,0.613489596,1,Dem incumb,NA
MASSACHUSETTS,2006,FALSE,1,DEMOCRAT,0.668827253,1,Dem incumb,NA
MICHIGAN,2006,FALSE,1,DEMOCRAT,0.569099785,1,Dem incumb,NA
NEBRASKA,2006,FALSE,1,DEMOCRAT,0.638827923,1,Dem incumb,NA
NEW MEXICO,2006,FALSE,1,DEMOCRAT,0.706051383,1,Dem incumb,NA
NEW YORK,2006,FALSE,1,DEMOCRAT,0.574163432,1,Dem incumb,NA
NORTH DAKOTA,2006,FALSE,1,DEMOCRAT,0.688263229,1,Dem incumb,NA
WASHINGTON,2006,FALSE,1,DEMOCRAT,0.568526981,1,Dem incumb,NA
WEST VIRGINIA,2006,FALSE,1,DEMOCRAT,0.770490216,1,Dem incumb,NA
WISCONSIN,2006,FALSE,1,DEMOCRAT,0.673065528,1,Dem incumb,NA
DELAWARE,2008,FALSE,1,DEMOCRAT,0.646865126,1,Dem incumb,NA
ILLINOIS,2008,FALSE,1,DEMOCRAT,0.678409511,1,Dem incumb,NA
IOWA,2008,FALSE,1,DEMOCRAT,0.626557803,1,Dem incumb,NA
LOUISIANA,2008,FALSE,1,DEMOCRAT,0.521096461,1,Dem incumb,NA
MASSACHUSETTS,2008,FALSE,1,DEMOCRAT,0.635506664,1,Dem incumb,NA
MICHIGAN,2008,FALSE,1,DEMOCRAT,0.626649645,1,Dem incumb,NA
MONTANA,2008,FALSE,1,DEMOCRAT,0.729159775,1,Dem incumb,NA
NEW JERSEY,2008,FALSE,1,DEMOCRAT,0.560301168,1,Dem incumb,NA
RHODE ISLAND,2008,FALSE,1,DEMOCRAT,0.730709279,1,Dem incumb,NA
SOUTH DAKOTA,2008,FALSE,1,DEMOCRAT,0.624916923,1,Dem incumb,NA
WEST VIRGINIA,2008,FALSE,1,DEMOCRAT,0.637270257,1,Dem incumb,NA
ARKANSAS,2010,FALSE,1,REPUBLICAN,0.579029357,1,Dem incumb,NA
CALIFORNIA,2010,FALSE,1,DEMOCRAT,0.521835751,1,Dem incumb,NA
HAWAII,2010,FALSE,1,DEMOCRAT,0.748086124,1,Dem incumb,NA
MARYLAND,2010,FALSE,1,DEMOCRAT,0.621929833,1,Dem incumb,NA
NEVADA,2010,FALSE,1,DEMOCRAT,0.502887425,1,Dem incumb,NA
NEW YORK,2010,FALSE,1,DEMOCRAT,0.639786864,2,Dem incumb,1
OREGON,2010,FALSE,1,DEMOCRAT,0.572240307,1,Dem incumb,NA
VERMONT,2010,FALSE,1,DEMOCRAT,0.6432617,1,Dem incumb,NA
WASHINGTON,2010,FALSE,1,DEMOCRAT,0.523648258,1,Dem incumb,NA
WISCONSIN,2010,FALSE,1,REPUBLICAN,0.518575473,1,Dem incumb,NA
CALIFORNIA,2012,FALSE,1,DEMOCRAT,0.625242845,1,Dem incumb,NA
DELAWARE,2012,FALSE,1,DEMOCRAT,0.664191729,1,Dem incumb,NA
FLORIDA,2012,FALSE,1,DEMOCRAT,0.552317561,1,Dem incumb,NA
MARYLAND,2012,FALSE,1,DEMOCRAT,0.559778584,1,Dem incumb,NA
MICHIGAN,2012,FALSE,1,DEMOCRAT,0.587980704,1,Dem incumb,NA
MINNESOTA,2012,FALSE,1,DEMOCRAT,0.652289826,1,Dem incumb,NA
MISSOURI,2012,FALSE,1,DEMOCRAT,0.548143238,1,Dem incumb,NA
MONTANA,2012,FALSE,1,DEMOCRAT,0.485783824,1,Dem incumb,NA
NEW JERSEY,2012,FALSE,1,DEMOCRAT,0.58865461,1,Dem incumb,NA
NEW YORK,2012,FALSE,1,DEMOCRAT,0.6210867,1,Dem incumb,NA
OHIO,2012,FALSE,1,DEMOCRAT,0.507006951,1,Dem incumb,NA
PENNSYLVANIA,2012,FALSE,1,DEMOCRAT,0.5369002,1,Dem incumb,NA
RHODE ISLAND,2012,FALSE,1,DEMOCRAT,0.648113652,1,Dem incumb,NA
VERMONT,2012,FALSE,1,OTHER,0.709955527,1,Dem incumb,NA
WASHINGTON,2012,FALSE,1,DEMOCRAT,0.604509912,1,Dem incumb,NA
WEST VIRGINIA,2012,FALSE,1,DEMOCRAT,0.605720673,1,Dem incumb,NA
ALASKA,2014,FALSE,1,REPUBLICAN,0.479621105,1,Dem incumb,NA
ARKANSAS,2014,FALSE,1,REPUBLICAN,0.564974838,1,Dem incumb,NA
COLORADO,2014,FALSE,1,REPUBLICAN,0.482049506,1,Dem incumb,NA
DELAWARE,2014,FALSE,1,DEMOCRAT,0.558264043,1,Dem incumb,NA
ILLINOIS,2014,FALSE,1,DEMOCRAT,0.535486839,1,Dem incumb,NA
MASSACHUSETTS,2014,FALSE,1,DEMOCRAT,0.589880414,1,Dem incumb,NA
MINNESOTA,2014,FALSE,1,DEMOCRAT,0.531511541,1,Dem incumb,NA
NEW HAMPSHIRE,2014,FALSE,1,DEMOCRAT,0.51455366,1,Dem incumb,NA
NEW JERSEY,2014,FALSE,1,DEMOCRAT,0.558355955,1,Dem incumb,NA
NEW MEXICO,2014,FALSE,1,DEMOCRAT,0.555588102,1,Dem incumb,NA
NORTH CAROLINA,2014,FALSE,1,REPUBLICAN,0.488206454,1,Dem incumb,NA
OREGON,2014,FALSE,1,DEMOCRAT,0.557284461,1,Dem incumb,NA
RHODE ISLAND,2014,FALSE,1,DEMOCRAT,0.70582648,1,Dem incumb,NA
VIRGINIA,2014,FALSE,1,DEMOCRAT,0.491499323,1,Dem incumb,NA
COLORADO,2016,FALSE,1,DEMOCRAT,0.499707804,1,Dem incumb,NA
CONNECTICUT,2016,FALSE,1,DEMOCRAT,0.576821302,1,Dem incumb,NA
HAWAII,2016,FALSE,1,DEMOCRAT,0.700546538,1,Dem incumb,NA
NEW YORK,2016,FALSE,1,DEMOCRAT,0.613304533,1,Dem incumb,NA
OREGON,2016,FALSE,1,DEMOCRAT,0.566008426,1,Dem incumb,NA
VERMONT,2016,FALSE,1,DEMOCRAT,0.599883919,1,Dem incumb,NA
WASHINGTON,2016,FALSE,1,DEMOCRAT,0.590130104,1,Dem incumb,NA
CALIFORNIA,2018,FALSE,1,DEMOCRAT,0.541638157,1,Dem incumb,NA
CONNECTICUT,2018,FALSE,1,DEMOCRAT,0.567971071,1,Dem incumb,NA
DELAWARE,2018,FALSE,1,DEMOCRAT,0.599530602,1,Dem incumb,NA
FLORIDA,2018,FALSE,1,REPUBLICAN,0.500549755,1,Dem incumb,NA
HAWAII,2018,FALSE,1,DEMOCRAT,0.711510978,1,Dem incumb,NA
INDIANA,2018,FALSE,1,REPUBLICAN,0.507323997,1,Dem incumb,NA
MARYLAND,2018,FALSE,1,DEMOCRAT,0.648559126,1,Dem incumb,NA
MASSACHUSETTS,2018,FALSE,1,DEMOCRAT,0.603367823,1,Dem incumb,NA
MICHIGAN,2018,FALSE,1,DEMOCRAT,0.522618921,1,Dem incumb,NA
MINNESOTA,2018,FALSE,1,DEMOCRAT,0.603098566,1,Dem incumb,NA
MISSOURI,2018,FALSE,1,REPUBLICAN,0.513832311,1,Dem incumb,NA
MONTANA,2018,FALSE,1,DEMOCRAT,0.503338726,1,Dem incumb,NA
NEW JERSEY,2018,FALSE,1,DEMOCRAT,0.540071498,1,Dem incumb,NA
NEW MEXICO,2018,FALSE,1,DEMOCRAT,0.540877345,1,Dem incumb,NA
NEW YORK,2018,FALSE,1,DEMOCRAT,0.62021393,1,Dem incumb,NA
NORTH DAKOTA,2018,FALSE,1,REPUBLICAN,0.551055075,1,Dem incumb,NA
OHIO,2018,FALSE,1,DEMOCRAT,0.534114142,1,Dem incumb,NA
PENNSYLVANIA,2018,FALSE,1,DEMOCRAT,0.55613184,1,Dem incumb,NA
RHODE ISLAND,2018,FALSE,1,DEMOCRAT,0.614424348,1,Dem incumb,NA
VERMONT,2018,FALSE,1,OTHER,0.673194583,1,Dem incumb,NA
VIRGINIA,2018,FALSE,1,DEMOCRAT,0.570026076,1,Dem incumb,NA
WASHINGTON,2018,FALSE,1,DEMOCRAT,0.584337599,1,Dem incumb,NA
WEST VIRGINIA,2018,FALSE,1,DEMOCRAT,0.49545814,1,Dem incumb,NA
WISCONSIN,2018,FALSE,1,DEMOCRAT,0.554176868,1,Dem incumb,NA
ALABAMA,2020,FALSE,1,REPUBLICAN,0.600953616,1,Dem incumb,NA
DELAWARE,2020,FALSE,1,DEMOCRAT,0.594384185,1,Dem incumb,NA
ILLINOIS,2020,FALSE,1,DEMOCRAT,0.549335631,1,Dem incumb,NA
MASSACHUSETTS,2020,FALSE,1,DEMOCRAT,0.644561448,1,Dem incumb,NA
MICHIGAN,2020,FALSE,1,DEMOCRAT,0.499034257,1,Dem incumb,NA
MINNESOTA,2020,FALSE,1,DEMOCRAT,0.487366905,1,Dem incumb,NA
NEW HAMPSHIRE,2020,FALSE,1,DEMOCRAT,0.56636521,1,Dem incumb,NA
NEW JERSEY,2020,FALSE,1,DEMOCRAT,0.572280675,1,Dem incumb,NA
OREGON,2020,FALSE,1,DEMOCRAT,0.569110423,1,Dem incumb,NA
RHODE ISLAND,2020,FALSE,1,DEMOCRAT,0.664776981,1,Dem incumb,NA
VIRGINIA,2020,FALSE,1,DEMOCRAT,0.559920837,1,Dem incumb,NA
ARIZONA,1980,FALSE,1,REPUBLICAN,0.494568985,1,GOP incumb,NA
KANSAS,1980,FALSE,1,REPUBLICAN,0.637607473,1,GOP incumb,NA
MARYLAND,1980,FALSE,1,REPUBLICAN,0.661673229,1,GOP incumb,NA
NEVADA,1980,FALSE,1,REPUBLICAN,0.592848364,1,GOP incumb,NA
OREGON,1980,FALSE,1,REPUBLICAN,0.521081216,1,GOP incumb,NA
UTAH,1980,FALSE,1,REPUBLICAN,0.736457131,1,GOP incumb,NA
CONNECTICUT,1982,FALSE,1,REPUBLICAN,0.503906755,1,GOP incumb,NA
DELAWARE,1982,FALSE,1,REPUBLICAN,0.551722874,1,GOP incumb,NA
INDIANA,1982,FALSE,1,REPUBLICAN,0.538330489,1,GOP incumb,NA
MINNESOTA,1982,FALSE,1,REPUBLICAN,0.525971158,1,GOP incumb,NA
MISSOURI,1982,FALSE,1,REPUBLICAN,0.508497131,1,GOP incumb,NA
NEW MEXICO,1982,FALSE,1,DEMOCRAT,0.537738692,1,GOP incumb,NA
PENNSYLVANIA,1982,FALSE,1,REPUBLICAN,0.592773025,1,GOP incumb,NA
RHODE ISLAND,1982,FALSE,1,REPUBLICAN,0.511978598,1,GOP incumb,NA
UTAH,1982,FALSE,1,REPUBLICAN,0.582763441,1,GOP incumb,NA
VERMONT,1982,FALSE,1,REPUBLICAN,0.502666635,1,GOP incumb,NA
WYOMING,1982,FALSE,1,REPUBLICAN,0.566567578,1,GOP incumb,NA
ALASKA,1984,FALSE,1,REPUBLICAN,0.711685833,1,GOP incumb,NA
COLORADO,1984,FALSE,1,REPUBLICAN,0.642483601,1,GOP incumb,NA
IDAHO,1984,FALSE,1,REPUBLICAN,0.721851549,1,GOP incumb,NA
ILLINOIS,1984,FALSE,1,DEMOCRAT,0.500730573,1,GOP incumb,NA
IOWA,1984,FALSE,1,DEMOCRAT,0.554562544,1,GOP incumb,NA
KANSAS,1984,FALSE,1,REPUBLICAN,0.759887592,1,GOP incumb,NA
MAINE,1984,FALSE,1,REPUBLICAN,0.733423285,1,GOP incumb,NA
MINNESOTA,1984,FALSE,1,REPUBLICAN,0.580756511,1,GOP incumb,NA
MISSISSIPPI,1984,FALSE,1,REPUBLICAN,0.609419894,1,GOP incumb,NA
NEW HAMPSHIRE,1984,FALSE,1,REPUBLICAN,0.587529171,1,GOP incumb,NA
NEW MEXICO,1984,FALSE,1,REPUBLICAN,0.718954547,1,GOP incumb,NA
NORTH CAROLINA,1984,FALSE,1,REPUBLICAN,0.516633163,1,GOP incumb,NA
OREGON,1984,FALSE,1,REPUBLICAN,0.665290784,1,GOP incumb,NA
SOUTH CAROLINA,1984,FALSE,1,REPUBLICAN,0.668112068,1,GOP incumb,NA
SOUTH DAKOTA,1984,FALSE,1,REPUBLICAN,0.744904391,1,GOP incumb,NA
VIRGINIA,1984,FALSE,1,REPUBLICAN,0.700474773,1,GOP incumb,NA
WYOMING,1984,FALSE,1,REPUBLICAN,0.783170499,1,GOP incumb,NA
ALABAMA,1986,FALSE,1,DEMOCRAT,0.502815008,1,GOP incumb,NA
ALASKA,1986,FALSE,1,REPUBLICAN,0.540229313,1,GOP incumb,NA
FLORIDA,1986,FALSE,1,DEMOCRAT,0.547389268,1,GOP incumb,NA
GEORGIA,1986,FALSE,1,DEMOCRAT,0.509145246,1,GOP incumb,NA
IDAHO,1986,FALSE,1,REPUBLICAN,0.515564467,1,GOP incumb,NA
INDIANA,1986,FALSE,1,REPUBLICAN,0.605697083,1,GOP incumb,NA
IOWA,1986,FALSE,1,REPUBLICAN,0.660355566,1,GOP incumb,NA
KANSAS,1986,FALSE,1,REPUBLICAN,0.700492735,1,GOP incumb,NA
NEW HAMPSHIRE,1986,FALSE,1,REPUBLICAN,0.629619793,1,GOP incumb,NA
NEW YORK,1986,FALSE,1,REPUBLICAN,0.452692047,1,GOP incumb,NA
NORTH DAKOTA,1986,FALSE,1,DEMOCRAT,0.4980122,1,GOP incumb,NA
OKLAHOMA,1986,FALSE,1,REPUBLICAN,0.552148118,1,GOP incumb,NA
OREGON,1986,FALSE,1,REPUBLICAN,0.629527459,1,GOP incumb,NA
PENNSYLVANIA,1986,FALSE,1,REPUBLICAN,0.564360407,1,GOP incumb,NA
SOUTH DAKOTA,1986,FALSE,1,DEMOCRAT,0.516029476,1,GOP incumb,NA
UTAH,1986,FALSE,1,REPUBLICAN,0.723052279,1,GOP incumb,NA
WASHINGTON,1986,FALSE,1,DEMOCRAT,0.506570747,1,GOP incumb,NA
WISCONSIN,1986,FALSE,1,REPUBLICAN,0.508755547,1,GOP incumb,NA
CALIFORNIA,1988,FALSE,1,REPUBLICAN,0.52787574,1,GOP incumb,NA
CONNECTICUT,1988,FALSE,1,DEMOCRAT,0.497640811,1,GOP incumb,NA
DELAWARE,1988,FALSE,1,REPUBLICAN,0.620613324,1,GOP incumb,NA
INDIANA,1988,FALSE,1,REPUBLICAN,0.68142855,1,GOP incumb,NA
MINNESOTA,1988,FALSE,1,REPUBLICAN,0.561717479,1,GOP incumb,NA
MISSOURI,1988,FALSE,1,REPUBLICAN,0.677008478,1,GOP incumb,NA
NEVADA,1988,FALSE,1,DEMOCRAT,0.512688117,1,GOP incumb,NA
PENNSYLVANIA,1988,FALSE,1,REPUBLICAN,0.664525335,1,GOP incumb,NA
RHODE ISLAND,1988,FALSE,1,REPUBLICAN,0.545925777,1,GOP incumb,NA
UTAH,1988,FALSE,1,REPUBLICAN,0.671277755,1,GOP incumb,NA
WYOMING,1988,FALSE,1,REPUBLICAN,0.50365266,1,GOP incumb,NA
ALASKA,1990,FALSE,1,REPUBLICAN,0.662286728,1,GOP incumb,NA
KANSAS,1990,FALSE,1,REPUBLICAN,0.73591865,1,GOP incumb,NA
KENTUCKY,1990,FALSE,1,REPUBLICAN,0.521865482,1,GOP incumb,NA
MAINE,1990,FALSE,1,REPUBLICAN,0.613405212,1,GOP incumb,NA
MINNESOTA,1990,FALSE,1,DEMOCRAT,0.504411671,1,GOP incumb,NA
NEW MEXICO,1990,FALSE,1,REPUBLICAN,0.729133185,1,GOP incumb,NA
NORTH CAROLINA,1990,FALSE,1,REPUBLICAN,0.525386007,1,GOP incumb,NA
OREGON,1990,FALSE,1,REPUBLICAN,0.536813569,1,GOP incumb,NA
SOUTH CAROLINA,1990,FALSE,1,REPUBLICAN,0.642096345,1,GOP incumb,NA
SOUTH DAKOTA,1990,FALSE,1,REPUBLICAN,0.523917274,1,GOP incumb,NA
TEXAS,1990,FALSE,1,REPUBLICAN,0.602371122,1,GOP incumb,NA
WYOMING,1990,FALSE,1,REPUBLICAN,0.639362566,1,GOP incumb,NA
ALASKA,1992,FALSE,1,REPUBLICAN,0.530477986,1,GOP incumb,NA
ARIZONA,1992,FALSE,1,REPUBLICAN,0.55815234,1,GOP incumb,NA
INDIANA,1992,FALSE,1,REPUBLICAN,0.573373018,1,GOP incumb,NA
IOWA,1992,FALSE,1,REPUBLICAN,0.69614327,1,GOP incumb,NA
KANSAS,1992,FALSE,1,REPUBLICAN,0.626967802,1,GOP incumb,NA
MISSOURI,1992,FALSE,1,REPUBLICAN,0.518872435,1,GOP incumb,NA
NEW YORK,1992,FALSE,1,DEMOCRAT,0.41574828,1,GOP incumb,NA
OKLAHOMA,1992,FALSE,1,REPUBLICAN,0.585493305,1,GOP incumb,NA
OREGON,1992,FALSE,1,REPUBLICAN,0.521393746,1,GOP incumb,NA
PENNSYLVANIA,1992,FALSE,1,REPUBLICAN,0.491029504,1,GOP incumb,NA
WISCONSIN,1992,FALSE,1,DEMOCRAT,0.52570135,1,GOP incumb,NA
DELAWARE,1994,FALSE,1,REPUBLICAN,0.558160804,1,GOP incumb,NA
FLORIDA,1994,FALSE,1,REPUBLICAN,0.704974365,1,GOP incumb,NA
INDIANA,1994,FALSE,1,REPUBLICAN,0.6735207,1,GOP incumb,NA
MISSISSIPPI,1994,FALSE,1,REPUBLICAN,0.68795152,1,GOP incumb,NA
MONTANA,1994,FALSE,1,REPUBLICAN,0.623716063,1,GOP incumb,NA
RHODE ISLAND,1994,FALSE,1,REPUBLICAN,0.645233766,1,GOP incumb,NA
TEXAS,1994,FALSE,1,REPUBLICAN,0.608470679,1,GOP incumb,NA
UTAH,1994,FALSE,1,REPUBLICAN,0.688030518,1,GOP incumb,NA
VERMONT,1994,FALSE,1,REPUBLICAN,0.50316055,1,GOP incumb,NA
WASHINGTON,1994,FALSE,1,REPUBLICAN,0.557485032,1,GOP incumb,NA
ALASKA,1996,FALSE,1,REPUBLICAN,0.7670579,1,GOP incumb,NA
IDAHO,1996,FALSE,1,REPUBLICAN,0.570219595,1,GOP incumb,NA
KENTUCKY,1996,FALSE,1,REPUBLICAN,0.554528303,1,GOP incumb,NA
MISSISSIPPI,1996,FALSE,1,REPUBLICAN,0.710345958,1,GOP incumb,NA
NEW HAMPSHIRE,1996,FALSE,1,REPUBLICAN,0.49251941,1,GOP incumb,NA
NEW MEXICO,1996,FALSE,1,REPUBLICAN,0.647258803,1,GOP incumb,NA
NORTH CAROLINA,1996,FALSE,1,REPUBLICAN,0.526444813,1,GOP incumb,NA
OKLAHOMA,1996,FALSE,1,REPUBLICAN,0.56680049,1,GOP incumb,NA
SOUTH CAROLINA,1996,FALSE,1,REPUBLICAN,0.53379474,1,GOP incumb,NA
SOUTH DAKOTA,1996,FALSE,1,DEMOCRAT,0.513219328,1,GOP incumb,NA
TENNESSEE,1996,FALSE,1,REPUBLICAN,0.613693199,1,GOP incumb,NA
TEXAS,1996,FALSE,1,REPUBLICAN,0.547754377,1,GOP incumb,NA
VIRGINIA,1996,FALSE,1,REPUBLICAN,0.52479557,1,GOP incumb,NA
ALABAMA,1998,FALSE,1,REPUBLICAN,0.632418307,1,GOP incumb,NA
ALASKA,1998,FALSE,1,REPUBLICAN,0.744913371,1,GOP incumb,NA
ARIZONA,1998,FALSE,1,REPUBLICAN,0.687447695,1,GOP incumb,NA
COLORADO,1998,FALSE,1,REPUBLICAN,0.62488557,1,GOP incumb,NA
GEORGIA,1998,FALSE,1,REPUBLICAN,0.523697043,1,GOP incumb,NA
IOWA,1998,FALSE,1,REPUBLICAN,0.684117746,1,GOP incumb,NA
KANSAS,1998,FALSE,1,REPUBLICAN,0.652661584,1,GOP incumb,NA
MISSOURI,1998,FALSE,1,REPUBLICAN,0.526759877,1,GOP incumb,NA
NEW HAMPSHIRE,1998,FALSE,1,REPUBLICAN,0.678359433,1,GOP incumb,NA
NEW YORK,1998,FALSE,1,DEMOCRAT,0.478231027,1,GOP incumb,NA
NORTH CAROLINA,1998,FALSE,1,DEMOCRAT,0.51151285,1,GOP incumb,NA
OKLAHOMA,1998,FALSE,1,REPUBLICAN,0.663805247,1,GOP incumb,NA
PENNSYLVANIA,1998,FALSE,1,REPUBLICAN,0.613416945,1,GOP incumb,NA
UTAH,1998,FALSE,1,REPUBLICAN,0.639818633,1,GOP incumb,NA
DELAWARE,2000,FALSE,1,DEMOCRAT,0.555259593,1,GOP incumb,NA
INDIANA,2000,FALSE,1,REPUBLICAN,0.665643301,1,GOP incumb,NA
MAINE,2000,FALSE,1,REPUBLICAN,0.689412984,1,GOP incumb,NA
MICHIGAN,2000,FALSE,1,DEMOCRAT,0.494747564,1,GOP incumb,NA
MINNESOTA,2000,FALSE,1,DEMOCRAT,0.488341903,1,GOP incumb,NA
MISSISSIPPI,2000,FALSE,1,REPUBLICAN,0.658798927,1,GOP incumb,NA
MISSOURI,2000,FALSE,1,DEMOCRAT,0.504665932,1,GOP incumb,NA
MONTANA,2000,FALSE,1,REPUBLICAN,0.505542989,1,GOP incumb,NA
OHIO,2000,FALSE,1,REPUBLICAN,0.599152895,1,GOP incumb,NA
PENNSYLVANIA,2000,FALSE,1,REPUBLICAN,0.52416076,1,GOP incumb,NA
TENNESSEE,2000,FALSE,1,REPUBLICAN,0.650956931,1,GOP incumb,NA
TEXAS,2000,FALSE,1,REPUBLICAN,0.650762193,1,GOP incumb,NA
UTAH,2000,FALSE,1,REPUBLICAN,0.655840427,1,GOP incumb,NA
VERMONT,2000,FALSE,1,REPUBLICAN,0.655573657,1,GOP incumb,NA
WASHINGTON,2000,FALSE,1,DEMOCRAT,0.487302849,1,GOP incumb,NA
WYOMING,2000,FALSE,1,REPUBLICAN,0.737726939,1,GOP incumb,NA
ALABAMA,2002,FALSE,1,REPUBLICAN,0.58577053,1,GOP incumb,NA
ALASKA,2002,FALSE,1,REPUBLICAN,0.781701431,1,GOP incumb,NA
ARKANSAS,2002,FALSE,1,DEMOCRAT,0.538956202,1,GOP incumb,NA
COLORADO,2002,FALSE,1,REPUBLICAN,0.506957224,1,GOP incumb,NA
IDAHO,2002,FALSE,1,REPUBLICAN,0.65161892,1,GOP incumb,NA
KENTUCKY,2002,FALSE,1,REPUBLICAN,0.646752048,1,GOP incumb,NA
MAINE,2002,FALSE,1,REPUBLICAN,0.584356475,1,GOP incumb,NA
NEBRASKA,2002,FALSE,1,REPUBLICAN,0.827621679,1,GOP incumb,NA
NEW MEXICO,2002,FALSE,1,REPUBLICAN,0.650427694,1,GOP incumb,NA
OKLAHOMA,2002,FALSE,1,REPUBLICAN,0.573021649,1,GOP incumb,NA
OREGON,2002,FALSE,1,REPUBLICAN,0.562085856,1,GOP incumb,NA
WYOMING,2002,FALSE,1,REPUBLICAN,0.729539502,1,GOP incumb,NA
ALABAMA,2004,FALSE,1,REPUBLICAN,0.675451561,1,GOP incumb,NA
ARIZONA,2004,FALSE,1,REPUBLICAN,0.76739035,1,GOP incumb,NA
IOWA,2004,FALSE,1,REPUBLICAN,0.701835687,1,GOP incumb,NA
KANSAS,2004,FALSE,1,REPUBLICAN,0.691627798,1,GOP incumb,NA
KENTUCKY,2004,FALSE,1,REPUBLICAN,0.506568226,1,GOP incumb,NA
MISSOURI,2004,FALSE,1,REPUBLICAN,0.560925169,1,GOP incumb,NA
NEW HAMPSHIRE,2004,FALSE,1,REPUBLICAN,0.661780954,1,GOP incumb,NA
OHIO,2004,FALSE,1,REPUBLICAN,0.638494105,1,GOP incumb,NA
PENNSYLVANIA,2004,FALSE,1,REPUBLICAN,0.526178225,1,GOP incumb,NA
UTAH,2004,FALSE,1,REPUBLICAN,0.687311758,1,GOP incumb,NA
ARIZONA,2006,FALSE,1,REPUBLICAN,0.533408175,1,GOP incumb,NA
MAINE,2006,FALSE,1,REPUBLICAN,0.744038097,1,GOP incumb,NA
MISSISSIPPI,2006,FALSE,1,REPUBLICAN,0.635759779,1,GOP incumb,NA
MISSOURI,2006,FALSE,1,DEMOCRAT,0.495783569,1,GOP incumb,NA
MONTANA,2006,FALSE,1,DEMOCRAT,0.491617569,1,GOP incumb,NA
NEVADA,2006,FALSE,1,REPUBLICAN,0.55358136,1,GOP incumb,NA
OHIO,2006,FALSE,1,DEMOCRAT,0.561641317,1,GOP incumb,NA
PENNSYLVANIA,2006,FALSE,1,DEMOCRAT,0.586365789,1,GOP incumb,NA
RHODE ISLAND,2006,FALSE,1,DEMOCRAT,0.535186354,1,GOP incumb,NA
TEXAS,2006,FALSE,1,REPUBLICAN,0.616917011,1,GOP incumb,NA
UTAH,2006,FALSE,1,REPUBLICAN,0.623609195,1,GOP incumb,NA
VIRGINIA,2006,FALSE,1,DEMOCRAT,0.495943167,1,GOP incumb,NA
WYOMING,2006,FALSE,1,REPUBLICAN,0.688907576,1,GOP incumb,NA
ALABAMA,2008,FALSE,1,REPUBLICAN,0.633622319,1,GOP incumb,NA
ALASKA,2008,FALSE,1,DEMOCRAT,0.477670801,1,GOP incumb,NA
GEORGIA,2008,FALSE,1,REPUBLICAN,0.574395825,1,GOP incumb,NA
KANSAS,2008,FALSE,1,REPUBLICAN,0.600583965,1,GOP incumb,NA
KENTUCKY,2008,FALSE,1,REPUBLICAN,0.529656196,1,GOP incumb,NA
MAINE,2008,FALSE,1,REPUBLICAN,0.613309775,1,GOP incumb,NA
MINNESOTA,2008,FALSE,1,DEMOCRAT,0.419936862,1,GOP incumb,NA
MISSISSIPPI,2008,FALSE,1,REPUBLICAN,0.614350463,2,GOP incumb,1
NEW HAMPSHIRE,2008,FALSE,1,DEMOCRAT,0.515896239,1,GOP incumb,NA
NORTH CAROLINA,2008,FALSE,1,DEMOCRAT,0.526527808,1,GOP incumb,NA
OKLAHOMA,2008,FALSE,1,REPUBLICAN,0.566798508,1,GOP incumb,NA
OREGON,2008,FALSE,1,DEMOCRAT,0.489046701,1,GOP incumb,NA
SOUTH CAROLINA,2008,FALSE,1,REPUBLICAN,0.575246429,1,GOP incumb,NA
TENNESSEE,2008,FALSE,1,REPUBLICAN,0.651442206,1,GOP incumb,NA
TEXAS,2008,FALSE,1,REPUBLICAN,0.548208782,1,GOP incumb,NA
WYOMING,2008,FALSE,1,REPUBLICAN,0.756162827,2,GOP incumb,1
ALABAMA,2010,FALSE,1,REPUBLICAN,0.65175473,1,GOP incumb,NA
ARIZONA,2010,FALSE,1,REPUBLICAN,0.588600771,1,GOP incumb,NA
GEORGIA,2010,FALSE,1,REPUBLICAN,0.583073803,1,GOP incumb,NA
IDAHO,2010,FALSE,1,REPUBLICAN,0.71175005,1,GOP incumb,NA
IOWA,2010,FALSE,1,REPUBLICAN,0.6435255,1,GOP incumb,NA
LOUISIANA,2010,FALSE,1,REPUBLICAN,0.565548137,1,GOP incumb,NA
NORTH CAROLINA,2010,FALSE,1,REPUBLICAN,0.548121315,1,GOP incumb,NA
OKLAHOMA,2010,FALSE,1,REPUBLICAN,0.706367098,1,GOP incumb,NA
SOUTH CAROLINA,2010,FALSE,1,REPUBLICAN,0.614782142,1,GOP incumb,NA
MASSACHUSETTS,2012,FALSE,1,DEMOCRAT,0.532739191,1,GOP incumb,NA
MISSISSIPPI,2012,FALSE,1,REPUBLICAN,0.57155629,1,GOP incumb,NA
TENNESSEE,2012,FALSE,1,REPUBLICAN,0.648915755,1,GOP incumb,NA
UTAH,2012,FALSE,1,REPUBLICAN,0.65310095,1,GOP incumb,NA
WYOMING,2012,FALSE,1,REPUBLICAN,0.738930993,1,GOP incumb,NA
IDAHO,2014,FALSE,1,REPUBLICAN,0.65328362,1,GOP incumb,NA
KANSAS,2014,FALSE,1,REPUBLICAN,0.531464769,1,GOP incumb,NA
KENTUCKY,2014,FALSE,1,REPUBLICAN,0.561881036,1,GOP incumb,NA
MAINE,2014,FALSE,1,REPUBLICAN,0.670190731,1,GOP incumb,NA
MISSISSIPPI,2014,FALSE,1,REPUBLICAN,0.598996927,1,GOP incumb,NA
OKLAHOMA,2014,FALSE,1,REPUBLICAN,0.680082317,1,GOP incumb,1
SOUTH CAROLINA,2014,FALSE,1,REPUBLICAN,0.542661533,1,GOP incumb,1
TENNESSEE,2014,FALSE,1,REPUBLICAN,0.618665784,1,GOP incumb,NA
TEXAS,2014,FALSE,1,REPUBLICAN,0.615600391,1,GOP incumb,NA
WYOMING,2014,FALSE,1,REPUBLICAN,0.710206657,1,GOP incumb,NA
ALABAMA,2016,FALSE,1,REPUBLICAN,0.639587936,1,GOP incumb,NA
ARIZONA,2016,FALSE,1,REPUBLICAN,0.537104709,1,GOP incumb,NA
ARKANSAS,2016,FALSE,1,REPUBLICAN,0.597716343,1,GOP incumb,NA
FLORIDA,2016,FALSE,1,REPUBLICAN,0.519811284,1,GOP incumb,NA
GEORGIA,2016,FALSE,1,REPUBLICAN,0.547838522,1,GOP incumb,NA
IDAHO,2016,FALSE,1,REPUBLICAN,0.661347123,1,GOP incumb,NA
ILLINOIS,2016,FALSE,1,DEMOCRAT,0.548617431,1,GOP incumb,NA
IOWA,2016,FALSE,1,REPUBLICAN,0.600899006,1,GOP incumb,NA
KANSAS,2016,FALSE,1,REPUBLICAN,0.621752544,1,GOP incumb,NA
KENTUCKY,2016,FALSE,1,REPUBLICAN,0.572732885,1,GOP incumb,NA
MISSOURI,2016,FALSE,1,REPUBLICAN,0.491843218,1,GOP incumb,NA
NEW HAMPSHIRE,2016,FALSE,1,DEMOCRAT,0.479813026,1,GOP incumb,NA
NORTH CAROLINA,2016,FALSE,1,REPUBLICAN,0.510617797,1,GOP incumb,NA
NORTH DAKOTA,2016,FALSE,1,REPUBLICAN,0.78478019,1,GOP incumb,NA
OHIO,2016,FALSE,1,REPUBLICAN,0.580288767,1,GOP incumb,NA
OKLAHOMA,2016,FALSE,1,REPUBLICAN,0.677389615,1,GOP incumb,NA
PENNSYLVANIA,2016,FALSE,1,REPUBLICAN,0.487735002,1,GOP incumb,NA
SOUTH CAROLINA,2016,FALSE,1,REPUBLICAN,0.605694541,1,GOP incumb,NA
SOUTH DAKOTA,2016,FALSE,1,REPUBLICAN,0.718278616,1,GOP incumb,NA
UTAH,2016,FALSE,1,REPUBLICAN,0.681455347,1,GOP incumb,NA
WISCONSIN,2016,FALSE,1,REPUBLICAN,0.501729721,1,GOP incumb,NA
MISSISSIPPI,2018,FALSE,1,REPUBLICAN,0.584928676,1,GOP incumb,NA
NEBRASKA,2018,FALSE,1,REPUBLICAN,0.576850489,1,GOP incumb,NA
NEVADA,2018,FALSE,1,DEMOCRAT,0.504119811,1,GOP incumb,NA
TEXAS,2018,FALSE,1,REPUBLICAN,0.508926013,1,GOP incumb,NA
WYOMING,2018,FALSE,1,REPUBLICAN,0.669599843,1,GOP incumb,NA
ALASKA,2020,FALSE,1,REPUBLICAN,0.53897069,1,GOP incumb,NA
ARIZONA,2020,TRUE,1,DEMOCRAT,0.511567794,1,GOP incumb,NA
ARKANSAS,2020,FALSE,1,REPUBLICAN,0.665295354,1,GOP incumb,NA
COLORADO,2020,FALSE,1,DEMOCRAT,0.534989601,1,GOP incumb,NA
IDAHO,2020,FALSE,1,REPUBLICAN,0.626225973,1,GOP incumb,NA
IOWA,2020,FALSE,1,REPUBLICAN,0.508782858,1,GOP incumb,NA
KENTUCKY,2020,FALSE,1,REPUBLICAN,0.577649683,1,GOP incumb,NA
LOUISIANA,2020,FALSE,1,REPUBLICAN,0.59323316,1,GOP incumb,NA
MAINE,2020,FALSE,1,REPUBLICAN,0.504216442,1,GOP incumb,NA
MISSISSIPPI,2020,FALSE,1,REPUBLICAN,0.541052225,1,GOP incumb,NA
MONTANA,2020,FALSE,1,REPUBLICAN,0.550121607,1,GOP incumb,NA
NEBRASKA,2020,FALSE,1,REPUBLICAN,0.627418786,1,GOP incumb,NA
NORTH CAROLINA,2020,FALSE,1,REPUBLICAN,0.486871483,1,GOP incumb,NA
OKLAHOMA,2020,FALSE,1,REPUBLICAN,0.629121393,1,GOP incumb,NA
SOUTH CAROLINA,2020,FALSE,1,REPUBLICAN,0.544365959,1,GOP incumb,NA
SOUTH DAKOTA,2020,FALSE,1,REPUBLICAN,0.657352476,1,GOP incumb,NA
TEXAS,2020,FALSE,1,REPUBLICAN,0.535082699,1,GOP incumb,NA
WEST VIRGINIA,2020,FALSE,1,REPUBLICAN,0.702839066,1,GOP incumb,NA
GEORGIA,2020,TRUE,1,DEMOCRAT,0.51043853,1,GOP incumb,NA
GEORGIA,2020,FALSE,1,DEMOCRAT,0.506165517,2,GOP incumb,NA
ALABAMA,1980,FALSE,1,REPUBLICAN,0.501529585,1,open seat,NA
ALASKA,1980,FALSE,1,REPUBLICAN,0.536858422,1,open seat,NA
CONNECTICUT,1980,FALSE,1,DEMOCRAT,0.563367808,1,open seat,NA
FLORIDA,1980,FALSE,1,REPUBLICAN,0.516566195,1,open seat,NA
ILLINOIS,1980,FALSE,1,DEMOCRAT,0.56010606,1,open seat,NA
NEW YORK,1980,FALSE,1,DEMOCRAT,0.435361337,1,open seat,NA
OKLAHOMA,1980,FALSE,1,REPUBLICAN,0.534694717,1,open seat,NA
PENNSYLVANIA,1980,FALSE,1,REPUBLICAN,0.504839927,1,open seat,NA
CALIFORNIA,1982,FALSE,1,REPUBLICAN,0.515353375,1,open seat,NA
MAINE,1982,FALSE,1,DEMOCRAT,0.60867929,1,open seat,NA
NEW JERSEY,1982,FALSE,1,DEMOCRAT,0.509378767,1,open seat,NA
VIRGINIA,1982,FALSE,1,REPUBLICAN,0.511839319,1,open seat,NA
MASSACHUSETTS,1984,FALSE,1,DEMOCRAT,0.55054968,1,open seat,NA
TENNESSEE,1984,FALSE,1,DEMOCRAT,0.607151179,1,open seat,NA
TEXAS,1984,FALSE,1,REPUBLICAN,0.585480577,1,open seat,NA
WEST VIRGINIA,1984,FALSE,1,DEMOCRAT,0.518176103,1,open seat,NA
ARIZONA,1986,FALSE,1,REPUBLICAN,0.604748291,1,open seat,NA
COLORADO,1986,FALSE,1,DEMOCRAT,0.499119975,1,open seat,NA
LOUISIANA,1986,FALSE,1,DEMOCRAT,0.528204675,1,open seat,NA
MARYLAND,1986,FALSE,1,DEMOCRAT,0.606869087,1,open seat,NA
MISSOURI,1986,FALSE,1,REPUBLICAN,0.52636417,1,open seat,NA
NEVADA,1986,FALSE,1,DEMOCRAT,0.499958004,1,open seat,NA
NORTH CAROLINA,1986,TRUE,1,DEMOCRAT,0.508823675,1,open seat,NA
FLORIDA,1988,FALSE,1,REPUBLICAN,0.504170508,1,open seat,NA
MISSISSIPPI,1988,FALSE,1,REPUBLICAN,0.539104,1,open seat,NA
NEBRASKA,1988,FALSE,1,DEMOCRAT,0.567060462,1,open seat,NA
VERMONT,1988,FALSE,1,REPUBLICAN,0.679623336,1,open seat,NA
VIRGINIA,1988,FALSE,1,DEMOCRAT,0.712498496,1,open seat,NA
WASHINGTON,1988,FALSE,1,REPUBLICAN,0.510866943,1,open seat,NA
WISCONSIN,1988,FALSE,1,DEMOCRAT,0.520537868,1,open seat,NA
COLORADO,1990,FALSE,1,REPUBLICAN,0.556783725,1,open seat,NA
HAWAII,1990,TRUE,1,DEMOCRAT,0.540232679,1,open seat,NA
IDAHO,1990,FALSE,1,REPUBLICAN,0.612912109,1,open seat,NA
INDIANA,1990,TRUE,1,REPUBLICAN,0.536404454,1,open seat,NA
NEW HAMPSHIRE,1990,FALSE,1,REPUBLICAN,0.651326559,1,open seat,NA
CALIFORNIA,1992,TRUE,1,DEMOCRAT,0.542872162,1,open seat,1
CALIFORNIA,1992,FALSE,1,DEMOCRAT,0.479037896,2,open seat,1
COLORADO,1992,FALSE,1,DEMOCRAT,0.517767632,1,open seat,NA
IDAHO,1992,FALSE,1,REPUBLICAN,0.565236654,1,open seat,NA
ILLINOIS,1992,FALSE,1,DEMOCRAT,0.532685111,1,open seat,NA
NEW HAMPSHIRE,1992,FALSE,1,REPUBLICAN,0.481677828,1,open seat,NA
NORTH DAKOTA,1992,FALSE,1,DEMOCRAT,0.590040697,1,open seat,NA
UTAH,1992,FALSE,1,REPUBLICAN,0.553830759,1,open seat,NA
WASHINGTON,1992,FALSE,1,DEMOCRAT,0.539918839,1,open seat,NA
ARIZONA,1994,FALSE,1,REPUBLICAN,0.537056994,1,open seat,NA
MAINE,1994,FALSE,1,REPUBLICAN,0.60235318,1,open seat,NA
MICHIGAN,1994,FALSE,1,REPUBLICAN,0.51875461,1,open seat,NA
MINNESOTA,1994,FALSE,1,REPUBLICAN,0.490517669,1,open seat,NA
MISSOURI,1994,FALSE,1,REPUBLICAN,0.597228012,1,open seat,NA
OHIO,1994,FALSE,1,REPUBLICAN,0.534366595,1,open seat,NA
OKLAHOMA,1994,TRUE,1,REPUBLICAN,0.552090225,1,open seat,NA
TENNESSEE,1994,TRUE,1,REPUBLICAN,0.604421153,2,open seat,1
WYOMING,1994,FALSE,1,REPUBLICAN,0.588736305,1,open seat,NA
ALABAMA,1996,FALSE,1,REPUBLICAN,0.524502916,1,open seat,NA
ARKANSAS,1996,FALSE,1,REPUBLICAN,0.527004206,1,open seat,NA
COLORADO,1996,FALSE,1,REPUBLICAN,0.514054868,1,open seat,NA
GEORGIA,1996,FALSE,1,DEMOCRAT,0.488660266,1,open seat,NA
ILLINOIS,1996,FALSE,1,DEMOCRAT,0.560852486,1,open seat,NA
KANSAS,1996,TRUE,1,REPUBLICAN,0.539130623,1,open seat,1
KANSAS,1996,FALSE,1,REPUBLICAN,0.620238525,2,open seat,1
LOUISIANA,1996,FALSE,1,DEMOCRAT,0.501702251,1,open seat,NA
MAINE,1996,FALSE,1,REPUBLICAN,0.49181495,1,open seat,NA
NEBRASKA,1996,FALSE,1,REPUBLICAN,0.574058265,1,open seat,NA
NEW JERSEY,1996,FALSE,1,DEMOCRAT,0.526849978,1,open seat,NA
OREGON,1996,FALSE,1,REPUBLICAN,0.497956963,1,open seat,NA
RHODE ISLAND,1996,FALSE,1,DEMOCRAT,0.63308002,1,open seat,NA
WYOMING,1996,FALSE,1,REPUBLICAN,0.540636829,1,open seat,NA
ARKANSAS,1998,FALSE,1,DEMOCRAT,0.550600644,1,open seat,NA
IDAHO,1998,FALSE,1,REPUBLICAN,0.695357164,1,open seat,NA
INDIANA,1998,FALSE,1,DEMOCRAT,0.637185678,1,open seat,NA
KENTUCKY,1998,FALSE,1,REPUBLICAN,0.497476895,1,open seat,NA
OHIO,1998,FALSE,1,REPUBLICAN,0.564597188,1,open seat,NA
FLORIDA,2000,FALSE,1,DEMOCRAT,0.510436112,1,open seat,NA
GEORGIA,2000,TRUE,1,DEMOCRAT,0.585005938,1,open seat,NA
NEBRASKA,2000,FALSE,1,DEMOCRAT,0.509992056,1,open seat,NA
NEVADA,2000,FALSE,1,REPUBLICAN,0.550433107,1,open seat,NA
NEW JERSEY,2000,FALSE,1,DEMOCRAT,0.501129437,1,open seat,NA
NEW YORK,2000,FALSE,1,DEMOCRAT,0.511866093,1,open seat,NA
RHODE ISLAND,2000,FALSE,1,REPUBLICAN,0.568765284,1,open seat,NA
MINNESOTA,2002,FALSE,1,REPUBLICAN,0.495289262,1,open seat,NA
MISSOURI,2002,TRUE,1,REPUBLICAN,0.497987878,1,open seat,NA
NEW HAMPSHIRE,2002,FALSE,1,REPUBLICAN,0.508188802,1,open seat,NA
NEW JERSEY,2002,FALSE,1,DEMOCRAT,0.538763062,1,open seat,NA
NORTH CAROLINA,2002,FALSE,1,REPUBLICAN,0.5356358,1,open seat,NA
SOUTH CAROLINA,2002,FALSE,1,REPUBLICAN,0.544023458,1,open seat,NA
TENNESSEE,2002,FALSE,1,REPUBLICAN,0.542791422,1,open seat,NA
TEXAS,2002,FALSE,1,REPUBLICAN,0.552998751,1,open seat,NA
ALASKA,2004,FALSE,1,REPUBLICAN,0.485779154,1,open seat,NA
COLORADO,2004,FALSE,1,DEMOCRAT,0.513026033,1,open seat,NA
FLORIDA,2004,FALSE,1,REPUBLICAN,0.494335989,1,open seat,NA
GEORGIA,2004,FALSE,1,REPUBLICAN,0.578768394,1,open seat,NA
ILLINOIS,2004,FALSE,1,DEMOCRAT,0.699687252,1,open seat,NA
NORTH CAROLINA,2004,FALSE,1,REPUBLICAN,0.515958436,1,open seat,NA
OKLAHOMA,2004,FALSE,1,REPUBLICAN,0.527653254,1,open seat,NA
SOUTH CAROLINA,2004,FALSE,1,REPUBLICAN,0.536661489,1,open seat,NA
MARYLAND,2006,FALSE,1,DEMOCRAT,0.542055954,1,open seat,NA
MINNESOTA,2006,FALSE,1,DEMOCRAT,0.58056349,1,open seat,NA
NEW JERSEY,2006,FALSE,1,DEMOCRAT,0.57204358,1,open seat,NA
TENNESSEE,2006,FALSE,1,REPUBLICAN,0.50712414,1,open seat,NA
VERMONT,2006,FALSE,1,OTHER,0.654060872,1,open seat,NA
COLORADO,2008,FALSE,1,DEMOCRAT,0.527956302,1,open seat,NA
IDAHO,2008,FALSE,1,REPUBLICAN,0.576543937,1,open seat,NA
MISSISSIPPI,2008,TRUE,1,REPUBLICAN,0.549596976,1,open seat,1
NEBRASKA,2008,FALSE,1,REPUBLICAN,0.575202111,1,open seat,NA
NEW MEXICO,2008,FALSE,1,DEMOCRAT,0.613279913,1,open seat,NA
VIRGINIA,2008,FALSE,1,DEMOCRAT,0.650325502,1,open seat,NA
WYOMING,2008,TRUE,1,REPUBLICAN,0.733369655,1,open seat,1
COLORADO,2010,FALSE,1,DEMOCRAT,0.480503711,1,open seat,NA
CONNECTICUT,2010,FALSE,1,DEMOCRAT,0.524842709,1,open seat,NA
DELAWARE,2010,TRUE,1,DEMOCRAT,0.56607309,1,open seat,NA
ILLINOIS,2010,TRUE,1,REPUBLICAN,0.480148728,1,open seat,NA
INDIANA,2010,FALSE,1,REPUBLICAN,0.545787544,1,open seat,NA
KANSAS,2010,FALSE,1,REPUBLICAN,0.700943784,1,open seat,NA
KENTUCKY,2010,FALSE,1,REPUBLICAN,0.557265857,1,open seat,NA
MISSOURI,2010,FALSE,1,REPUBLICAN,0.542291549,1,open seat,NA
NEW HAMPSHIRE,2010,FALSE,1,REPUBLICAN,0.600862088,1,open seat,NA
NEW YORK,2010,TRUE,1,DEMOCRAT,0.596448445,1,open seat,1
NORTH DAKOTA,2010,FALSE,1,REPUBLICAN,0.761690157,1,open seat,NA
OHIO,2010,FALSE,1,REPUBLICAN,0.568462986,1,open seat,NA
PENNSYLVANIA,2010,FALSE,1,REPUBLICAN,0.510084947,1,open seat,NA
UTAH,2010,FALSE,1,REPUBLICAN,0.615831383,1,open seat,NA
WEST VIRGINIA,2010,TRUE,1,DEMOCRAT,0.534690196,1,open seat,NA
ARIZONA,2012,FALSE,1,REPUBLICAN,0.492309071,1,open seat,NA
CONNECTICUT,2012,FALSE,1,DEMOCRAT,0.524541529,1,open seat,NA
HAWAII,2012,FALSE,1,DEMOCRAT,0.61645534,1,open seat,NA
INDIANA,2012,FALSE,1,DEMOCRAT,0.500441389,1,open seat,NA
NEBRASKA,2012,FALSE,1,REPUBLICAN,0.577744328,1,open seat,NA
NEVADA,2012,FALSE,1,REPUBLICAN,0.458662765,1,open seat,NA
NEW MEXICO,2012,FALSE,1,DEMOCRAT,0.510080653,1,open seat,NA
NORTH DAKOTA,2012,FALSE,1,DEMOCRAT,0.502382109,1,open seat,NA
TEXAS,2012,FALSE,1,REPUBLICAN,0.564556579,1,open seat,NA
VIRGINIA,2012,FALSE,1,DEMOCRAT,0.52865949,1,open seat,NA
WISCONSIN,2012,FALSE,1,DEMOCRAT,0.514088637,1,open seat,NA
GEORGIA,2014,FALSE,1,REPUBLICAN,0.528890628,1,open seat,NA
HAWAII,2014,TRUE,1,DEMOCRAT,0.667635913,1,open seat,NA
IOWA,2014,FALSE,1,REPUBLICAN,0.521001151,1,open seat,NA
MICHIGAN,2014,FALSE,1,DEMOCRAT,0.54614384,1,open seat,NA
MONTANA,2014,FALSE,1,REPUBLICAN,0.577863644,1,open seat,NA
NEBRASKA,2014,FALSE,1,REPUBLICAN,0.643368861,1,open seat,NA
OKLAHOMA,2014,TRUE,1,REPUBLICAN,0.678534274,2,open seat,1
SOUTH CAROLINA,2014,TRUE,1,REPUBLICAN,0.611159,2,open seat,1
SOUTH DAKOTA,2014,FALSE,1,REPUBLICAN,0.503704207,1,open seat,NA
WEST VIRGINIA,2014,FALSE,1,REPUBLICAN,0.621174417,1,open seat,NA
INDIANA,2016,FALSE,1,REPUBLICAN,0.521122426,1,open seat,NA
MARYLAND,2016,FALSE,1,DEMOCRAT,0.608878757,1,open seat,NA
NEVADA,2016,FALSE,1,DEMOCRAT,0.470988745,1,open seat,NA
ARIZONA,2018,FALSE,1,DEMOCRAT,0.499557943,1,open seat,NA
TENNESSEE,2018,FALSE,1,REPUBLICAN,0.547070071,1,open seat,NA
UTAH,2018,FALSE,1,REPUBLICAN,0.625881478,1,open seat,NA
KANSAS,2020,FALSE,1,REPUBLICAN,0.532231284,1,open seat,NA
NEW MEXICO,2020,FALSE,1,DEMOCRAT,0.517295966,1,open seat,NA
TENNESSEE,2020,FALSE,1,REPUBLICAN,0.621984681,1,open seat,NA
WYOMING,2020,FALSE,1,OTHER,0.71130293,1,open seat,NA
